-- --------------------------------------------------------
-- 호스트:                          127.0.0.1
-- 서버 버전:                        10.6.4-MariaDB - mariadb.org binary distribution
-- 서버 OS:                        Win64
-- HeidiSQL 버전:                  11.3.0.6295
-- --------------------------------------------------------

/*!40101 SET @OLD_CHARACTER_SET_CLIENT=@@CHARACTER_SET_CLIENT */;
/*!40101 SET NAMES utf8 */;
/*!50503 SET NAMES utf8mb4 */;
/*!40014 SET @OLD_FOREIGN_KEY_CHECKS=@@FOREIGN_KEY_CHECKS, FOREIGN_KEY_CHECKS=0 */;
/*!40101 SET @OLD_SQL_MODE=@@SQL_MODE, SQL_MODE='NO_AUTO_VALUE_ON_ZERO' */;
/*!40111 SET @OLD_SQL_NOTES=@@SQL_NOTES, SQL_NOTES=0 */;


-- shop 데이터베이스 구조 내보내기
DROP DATABASE IF EXISTS `shop`;
CREATE DATABASE IF NOT EXISTS `shop` /*!40100 DEFAULT CHARACTER SET utf8mb3 */;
USE `shop`;

-- 테이블 shop.category 구조 내보내기
DROP TABLE IF EXISTS `category`;
CREATE TABLE IF NOT EXISTS `category` (
  `category_name` varchar(200) NOT NULL,
  `update_date` datetime NOT NULL,
  `create_date` datetime NOT NULL,
  `category_state` enum('Y','N') NOT NULL,
  PRIMARY KEY (`category_name`)
) ENGINE=InnoDB DEFAULT CHARSET=utf8mb3;

-- 테이블 데이터 shop.category:~6 rows (대략적) 내보내기
DELETE FROM `category`;
/*!40000 ALTER TABLE `category` DISABLE KEYS */;
INSERT INTO `category` (`category_name`, `update_date`, `create_date`, `category_state`) VALUES
	('경제', '2021-09-17 15:15:39', '2021-09-17 15:15:39', 'Y'),
	('만화', '2021-09-17 22:48:31', '2021-09-17 15:15:39', 'Y'),
	('소설', '2021-09-17 15:15:39', '2021-09-17 15:15:39', 'Y'),
	('여행', '2021-09-17 15:15:39', '2021-09-17 15:15:39', 'Y'),
	('외국어', '2021-09-17 15:15:39', '2021-09-17 15:15:39', 'Y'),
	('컴퓨터', '2021-09-23 13:42:26', '2021-09-23 13:42:26', 'N');
/*!40000 ALTER TABLE `category` ENABLE KEYS */;

-- 테이블 shop.ebook 구조 내보내기
DROP TABLE IF EXISTS `ebook`;
CREATE TABLE IF NOT EXISTS `ebook` (
  `ebook_no` int(11) NOT NULL AUTO_INCREMENT,
  `ebook_isbn` char(13) NOT NULL,
  `category_name` varchar(50) NOT NULL,
  `ebook_title` varchar(50) NOT NULL,
  `ebook_author` varchar(50) NOT NULL,
  `ebook_company` varchar(50) NOT NULL,
  `ebook_page_count` int(11) NOT NULL,
  `ebook_price` int(11) NOT NULL,
  `ebook_img` varchar(50) NOT NULL,
  `ebook_summary` text NOT NULL,
  `ebook_state` enum('판매중','품절','절판','구편절판') NOT NULL,
  `create_date` datetime NOT NULL,
  `update_date` datetime NOT NULL,
  PRIMARY KEY (`ebook_no`),
  KEY `FK_ebook_category` (`category_name`),
  CONSTRAINT `FK_ebook_category` FOREIGN KEY (`category_name`) REFERENCES `category` (`category_name`) ON DELETE NO ACTION ON UPDATE NO ACTION
) ENGINE=InnoDB AUTO_INCREMENT=1001 DEFAULT CHARSET=utf8mb3;

-- 테이블 데이터 shop.ebook:~1,000 rows (대략적) 내보내기
DELETE FROM `ebook`;
/*!40000 ALTER TABLE `ebook` DISABLE KEYS */;
INSERT INTO `ebook` (`ebook_no`, `ebook_isbn`, `category_name`, `ebook_title`, `ebook_author`, `ebook_company`, `ebook_page_count`, `ebook_price`, `ebook_img`, `ebook_summary`, `ebook_state`, `create_date`, `update_date`) VALUES
	(1, '857982285-8', '소설', 'Fox, cape', 'Jarrid', 'Livetube', 258, 22964, 'noimage.png', 'ultrices phasellus id sapien in sapien iaculis congue vivamus metus arcu adipiscing molestie hendrerit at vulputate vitae nisl aenean lectus', '구편절판', '2021-08-24 00:00:00', '2021-09-23 00:00:00'),
	(2, '151910885-0', '여행', 'Rhinoceros, square-lipped', 'Belva', 'Fivebridge', 693, 29175, 'noimage.png', 'sapien cum sociis natoque penatibus et magnis dis parturient montes nascetur ridiculus mus etiam vel augue vestibulum rutrum rutrum', '절판', '2020-11-18 00:00:00', '2021-09-23 00:00:00'),
	(3, '556593635-7', '여행', 'Mongoose, small indian', 'Sawyer', 'Riffwire', 548, 23607, 'noimage.png', 'non velit nec nisi vulputate nonummy maecenas tincidunt lacus at velit vivamus vel nulla eget eros', '판매중', '2021-07-23 00:00:00', '2021-09-23 00:00:00'),
	(4, '949606700-X', '여행', 'Impala', 'Laurette', 'Skimia', 804, 9511, 'noimage.png', 'phasellus sit amet erat nulla tempus vivamus in felis eu', '절판', '2021-05-13 00:00:00', '2021-09-23 00:00:00'),
	(5, '638381152-5', '만화', 'Vulture, egyptian', 'Emma', 'Plambee', 235, 6795, 'noimage.png', 'nibh ligula nec sem duis aliquam convallis nunc proin at turpis a pede posuere nonummy integer non velit donec', '판매중', '2020-10-25 00:00:00', '2021-09-23 00:00:00'),
	(6, '606272512-8', '외국어', 'Coatimundi, ring-tailed', 'Cobby', 'Ntags', 493, 19629, 'noimage.png', 'hendrerit at vulputate vitae nisl aenean lectus pellentesque eget nunc donec quis orci eget orci', '판매중', '2020-11-05 00:00:00', '2021-09-23 00:00:00'),
	(7, '773052061-3', '소설', 'Monkey, vervet', 'Floria', 'Oyondu', 792, 24037, 'noimage.png', 'vel enim sit amet nunc viverra dapibus nulla suscipit ligula in lacus curabitur at', '구편절판', '2021-08-22 00:00:00', '2021-09-23 00:00:00'),
	(8, '660519670-8', '경제', 'Blackbird, red-winged', 'Farica', 'Twitterbridge', 365, 6771, 'noimage.png', 'nibh ligula nec sem duis aliquam convallis nunc proin at turpis a pede posuere nonummy integer non', '품절', '2020-12-16 00:00:00', '2021-09-23 00:00:00'),
	(9, '282311715-6', '소설', 'Gull, swallow-tail', 'Celestyna', 'Mydeo', 998, 6192, 'noimage.png', 'in blandit ultrices enim lorem ipsum dolor sit amet consectetuer adipiscing', '품절', '2021-05-01 00:00:00', '2021-09-23 00:00:00'),
	(10, '024339314-8', '외국어', 'Eagle, bald', 'Daryn', 'Skalith', 664, 25736, 'noimage.png', 'elementum pellentesque quisque porta volutpat erat quisque erat eros viverra', '절판', '2021-04-30 00:00:00', '2021-09-23 00:00:00'),
	(11, '016131442-2', '소설', 'Harbor seal', 'Flint', 'Oyope', 192, 25215, 'noimage.png', 'vulputate justo in blandit ultrices enim lorem ipsum dolor sit amet consectetuer adipiscing elit', '품절', '2021-03-26 00:00:00', '2021-09-23 00:00:00'),
	(12, '340822919-8', '소설', 'Spotted hyena', 'Dean', 'Talane', 922, 14803, 'noimage.png', 'magna ac consequat metus sapien ut nunc vestibulum ante ipsum primis in faucibus orci', '절판', '2021-02-19 00:00:00', '2021-09-23 00:00:00'),
	(13, '522898999-4', '경제', 'Bear, polar', 'Devinne', 'Flashpoint', 707, 5608, 'noimage.png', 'amet eleifend pede libero quis orci nullam molestie nibh in lectus pellentesque at', '품절', '2021-07-16 00:00:00', '2021-09-23 00:00:00'),
	(14, '791033769-8', '여행', 'Cliffchat, mocking', 'Kellsie', 'Aivee', 862, 10122, 'noimage.png', 'congue risus semper porta volutpat quam pede lobortis ligula sit amet eleifend pede libero quis orci nullam molestie nibh', '판매중', '2020-10-29 00:00:00', '2021-09-23 00:00:00'),
	(15, '891566172-9', '소설', 'American marten', 'Sebastiano', 'Photobug', 683, 19836, 'noimage.png', 'porttitor lacus at turpis donec posuere metus vitae ipsum aliquam non mauris morbi', '품절', '2021-07-24 00:00:00', '2021-09-23 00:00:00'),
	(16, '673008945-8', '컴퓨터', 'Currasow (unidentified)', 'Thor', 'Youspan', 314, 10268, 'noimage.png', 'fusce congue diam id ornare imperdiet sapien urna pretium nisl ut volutpat sapien arcu sed augue aliquam erat volutpat in', '절판', '2020-11-05 00:00:00', '2021-09-23 00:00:00'),
	(17, '729750677-X', '컴퓨터', 'Falcon, peregrine', 'Tabbatha', 'Photofeed', 600, 21035, 'noimage.png', 'posuere cubilia curae duis faucibus accumsan odio curabitur convallis duis consequat dui nec nisi volutpat eleifend', '구편절판', '2021-08-01 00:00:00', '2021-09-23 00:00:00'),
	(18, '880068756-3', '여행', 'Phalarope, red-necked', 'Salvador', 'InnoZ', 844, 14065, 'noimage.png', 'quis orci nullam molestie nibh in lectus pellentesque at nulla suspendisse potenti cras in', '품절', '2020-10-29 00:00:00', '2021-09-23 00:00:00'),
	(19, '512597410-2', '여행', 'Black-throated butcher bird', 'Elaine', 'Kwideo', 116, 6697, 'noimage.png', 'praesent blandit nam nulla integer pede justo lacinia eget tincidunt eget tempus vel', '구편절판', '2021-09-02 00:00:00', '2021-09-23 00:00:00'),
	(20, '259718635-0', '외국어', 'Common langur', 'Fielding', 'Demimbu', 635, 9983, 'noimage.png', 'posuere felis sed lacus morbi sem mauris laoreet ut rhoncus aliquet pulvinar sed nisl', '구편절판', '2020-11-29 00:00:00', '2021-09-23 00:00:00'),
	(21, '426551520-7', '외국어', 'Small-toothed palm civet', 'Adda', 'Flashset', 301, 9858, 'noimage.png', 'viverra dapibus nulla suscipit ligula in lacus curabitur at ipsum ac tellus semper interdum mauris ullamcorper', '구편절판', '2021-08-29 00:00:00', '2021-09-23 00:00:00'),
	(22, '557755979-0', '컴퓨터', 'Great skua', 'Luke', 'Photobug', 552, 14299, 'noimage.png', 'tempus vel pede morbi porttitor lorem id ligula suspendisse ornare consequat lectus in est risus auctor', '품절', '2021-02-23 00:00:00', '2021-09-23 00:00:00'),
	(23, '770181295-4', '소설', 'Skua, long-tailed', 'Xaviera', 'Feedfire', 817, 27837, 'noimage.png', 'ligula vehicula consequat morbi a ipsum integer a nibh in quis justo maecenas', '구편절판', '2021-03-22 00:00:00', '2021-09-23 00:00:00'),
	(24, '811986632-0', '경제', 'Barrows goldeneye', 'Evvie', 'Yakidoo', 637, 23585, 'noimage.png', 'faucibus cursus urna ut tellus nulla ut erat id mauris vulputate', '절판', '2021-08-01 00:00:00', '2021-09-23 00:00:00'),
	(25, '038683213-7', '만화', 'White-winged dove', 'Kora', 'Mymm', 865, 12141, 'noimage.png', 'vitae consectetuer eget rutrum at lorem integer tincidunt ante vel ipsum praesent blandit', '절판', '2021-01-09 00:00:00', '2021-09-23 00:00:00'),
	(26, '092347914-7', '외국어', 'Indian red admiral', 'Tye', 'Rhybox', 848, 20243, 'noimage.png', 'accumsan tellus nisi eu orci mauris lacinia sapien quis libero nullam sit amet turpis elementum ligula vehicula consequat', '구편절판', '2021-06-13 00:00:00', '2021-09-23 00:00:00'),
	(27, '129468695-X', '여행', 'Coyote', 'Yale', 'Topicblab', 309, 22537, 'noimage.png', 'potenti cras in purus eu magna vulputate luctus cum sociis natoque penatibus et magnis dis parturient montes nascetur', '구편절판', '2021-07-13 00:00:00', '2021-09-23 00:00:00'),
	(28, '424991555-7', '만화', 'Kangaroo, eastern grey', 'Ophelia', 'Youopia', 388, 25143, 'noimage.png', 'vehicula condimentum curabitur in libero ut massa volutpat convallis morbi odio odio elementum', '판매중', '2021-04-04 00:00:00', '2021-09-23 00:00:00'),
	(29, '400669402-4', '여행', 'Gull, southern black-backed', 'Elyse', 'Demimbu', 365, 9670, 'noimage.png', 'suscipit a feugiat et eros vestibulum ac est lacinia nisi venenatis tristique', '절판', '2021-02-18 00:00:00', '2021-09-23 00:00:00'),
	(30, '614048499-5', '여행', 'Hawk, galapagos', 'Sandy', 'Livetube', 908, 13965, 'noimage.png', 'primis in faucibus orci luctus et ultrices posuere cubilia curae donec pharetra magna vestibulum aliquet ultrices erat tortor sollicitudin', '구편절판', '2021-01-05 00:00:00', '2021-09-23 00:00:00'),
	(31, '709999294-5', '컴퓨터', 'Eastern cottontail rabbit', 'Phil', 'Voonder', 338, 25026, 'noimage.png', 'dis parturient montes nascetur ridiculus mus vivamus vestibulum sagittis sapien cum', '품절', '2021-09-15 00:00:00', '2021-09-23 00:00:00'),
	(32, '664685793-8', '외국어', 'Collared peccary', 'Jordain', 'Yombu', 142, 10970, 'noimage.png', 'pellentesque viverra pede ac diam cras pellentesque volutpat dui maecenas tristique est et tempus semper est quam pharetra', '판매중', '2021-03-18 00:00:00', '2021-09-23 00:00:00'),
	(33, '829095099-3', '소설', 'Goose, snow', 'Lester', 'Centimia', 191, 20423, 'noimage.png', 'nibh ligula nec sem duis aliquam convallis nunc proin at turpis a pede posuere nonummy', '절판', '2021-08-15 00:00:00', '2021-09-23 00:00:00'),
	(34, '603209341-7', '소설', 'Brown antechinus', 'Miles', 'Oyondu', 464, 10554, 'noimage.png', 'cursus vestibulum proin eu mi nulla ac enim in tempor', '품절', '2021-07-12 00:00:00', '2021-09-23 00:00:00'),
	(35, '669483090-4', '컴퓨터', 'Monkey, bleeding heart', 'Kylynn', 'Devshare', 359, 7294, 'noimage.png', 'nibh in quis justo maecenas rhoncus aliquam lacus morbi quis tortor id nulla ultrices aliquet maecenas leo', '구편절판', '2021-08-17 00:00:00', '2021-09-23 00:00:00'),
	(36, '648000382-9', '컴퓨터', 'African red-eyed bulbul', 'Marten', 'Aimbo', 298, 24124, 'noimage.png', 'massa volutpat convallis morbi odio odio elementum eu interdum eu tincidunt in leo maecenas', '판매중', '2020-11-27 00:00:00', '2021-09-23 00:00:00'),
	(37, '186589853-8', '외국어', 'Coqui francolin', 'Crosby', 'Yoveo', 870, 23964, 'noimage.png', 'libero nam dui proin leo odio porttitor id consequat in consequat ut nulla sed accumsan felis ut', '절판', '2020-11-26 00:00:00', '2021-09-23 00:00:00'),
	(38, '138857199-4', '여행', 'Crab-eating fox', 'Raviv', 'Yambee', 957, 6834, 'noimage.png', 'sagittis nam congue risus semper porta volutpat quam pede lobortis ligula sit amet eleifend pede libero quis orci nullam', '구편절판', '2021-03-04 00:00:00', '2021-09-23 00:00:00'),
	(39, '007227271-6', '소설', 'Blue duck', 'Perri', 'Lazzy', 349, 17721, 'noimage.png', 'justo sit amet sapien dignissim vestibulum vestibulum ante ipsum primis in faucibus orci luctus', '품절', '2021-08-17 00:00:00', '2021-09-23 00:00:00'),
	(40, '467353928-1', '경제', 'Swainson\'s francolin', 'Isobel', 'Jayo', 325, 23825, 'noimage.png', 'vel accumsan tellus nisi eu orci mauris lacinia sapien quis libero nullam sit amet turpis elementum ligula vehicula', '구편절판', '2020-12-21 00:00:00', '2021-09-23 00:00:00'),
	(41, '146308093-X', '여행', 'Southern lapwing', 'Nonah', 'Jabberbean', 351, 5842, 'noimage.png', 'ultrices mattis odio donec vitae nisi nam ultrices libero non mattis pulvinar nulla pede ullamcorper', '절판', '2021-08-06 00:00:00', '2021-09-23 00:00:00'),
	(42, '783931214-4', '컴퓨터', 'Monkey, vervet', 'Westley', 'Twitterworks', 466, 5683, 'noimage.png', 'curae mauris viverra diam vitae quam suspendisse potenti nullam porttitor lacus at turpis donec', '절판', '2021-06-15 00:00:00', '2021-09-23 00:00:00'),
	(43, '046523193-4', '소설', 'Squirrel, pine', 'Garwood', 'Photobug', 164, 9767, 'noimage.png', 'leo maecenas pulvinar lobortis est phasellus sit amet erat nulla tempus vivamus in felis', '품절', '2021-06-27 00:00:00', '2021-09-23 00:00:00'),
	(44, '065169859-6', '여행', 'Southern boubou', 'Cordi', 'Youtags', 790, 18636, 'noimage.png', 'accumsan tortor quis turpis sed ante vivamus tortor duis mattis egestas metus aenean fermentum donec ut', '구편절판', '2021-05-20 00:00:00', '2021-09-23 00:00:00'),
	(45, '769829708-X', '컴퓨터', 'Gecko, ring-tailed', 'Darren', 'Yata', 114, 13944, 'noimage.png', 'tempus semper est quam pharetra magna ac consequat metus sapien ut', '판매중', '2020-10-05 00:00:00', '2021-09-23 00:00:00'),
	(46, '504973467-3', '외국어', 'Egret, snowy', 'Lindy', 'Centimia', 933, 7041, 'noimage.png', 'suspendisse accumsan tortor quis turpis sed ante vivamus tortor duis mattis egestas metus aenean fermentum donec ut mauris eget massa', '구편절판', '2021-09-04 00:00:00', '2021-09-23 00:00:00'),
	(47, '180586086-0', '컴퓨터', 'Black rhinoceros', 'Beth', 'Photojam', 459, 13253, 'noimage.png', 'leo maecenas pulvinar lobortis est phasellus sit amet erat nulla tempus vivamus in felis eu sapien', '절판', '2021-07-17 00:00:00', '2021-09-23 00:00:00'),
	(48, '663837467-2', '경제', 'Lion, steller sea', 'Jacqui', 'Topiclounge', 524, 13924, 'noimage.png', 'nulla nunc purus phasellus in felis donec semper sapien a libero nam dui proin leo odio porttitor id consequat', '절판', '2021-04-15 00:00:00', '2021-09-23 00:00:00'),
	(49, '471258236-7', '여행', 'Smith\'s bush squirrel', 'Garik', 'Roomm', 307, 11375, 'noimage.png', 'a libero nam dui proin leo odio porttitor id consequat in consequat ut nulla', '판매중', '2021-07-23 00:00:00', '2021-09-23 00:00:00'),
	(50, '522948960-X', '컴퓨터', 'Otter, small-clawed', 'Denyse', 'Fanoodle', 249, 20151, 'noimage.png', 'nulla nisl nunc nisl duis bibendum felis sed interdum venenatis turpis enim blandit mi in', '판매중', '2020-12-20 00:00:00', '2021-09-23 00:00:00'),
	(51, '350017539-2', '경제', 'Mockingbird, galapagos', 'Jessalyn', 'Topiclounge', 725, 11538, 'noimage.png', 'nibh quisque id justo sit amet sapien dignissim vestibulum vestibulum ante ipsum primis in faucibus orci luctus et', '판매중', '2020-10-11 00:00:00', '2021-09-23 00:00:00'),
	(52, '856135838-6', '외국어', 'Snake, buttermilk', 'Patricio', 'Kanoodle', 709, 5399, 'noimage.png', 'nulla ut erat id mauris vulputate elementum nullam varius nulla facilisi cras non velit nec', '품절', '2020-12-27 00:00:00', '2021-09-23 00:00:00'),
	(53, '046877115-8', '소설', 'Common rhea', 'Karrie', 'Mydo', 359, 23603, 'noimage.png', 'aliquet maecenas leo odio condimentum id luctus nec molestie sed justo pellentesque viverra pede ac', '판매중', '2021-01-04 00:00:00', '2021-09-23 00:00:00'),
	(54, '354758010-2', '여행', 'Thomson\'s gazelle', 'Darya', 'Twitterworks', 875, 15211, 'noimage.png', 'risus auctor sed tristique in tempus sit amet sem fusce consequat', '품절', '2021-06-22 00:00:00', '2021-09-23 00:00:00'),
	(55, '926059161-9', '여행', 'Rattlesnake, dusky', 'Keven', 'Digitube', 683, 8121, 'noimage.png', 'nisl nunc nisl duis bibendum felis sed interdum venenatis turpis enim blandit mi in porttitor', '품절', '2020-12-24 00:00:00', '2021-09-23 00:00:00'),
	(56, '828663627-9', '만화', 'Lapwing, southern', 'Germayne', 'Roodel', 145, 13640, 'noimage.png', 'in faucibus orci luctus et ultrices posuere cubilia curae duis faucibus accumsan odio curabitur convallis duis consequat dui nec nisi', '판매중', '2020-11-30 00:00:00', '2021-09-23 00:00:00'),
	(57, '897602647-0', '만화', 'Caribou', 'Lodovico', 'Dynabox', 636, 12826, 'noimage.png', 'semper rutrum nulla nunc purus phasellus in felis donec semper sapien a libero nam dui proin leo odio porttitor id', '절판', '2021-09-01 00:00:00', '2021-09-23 00:00:00'),
	(58, '819853875-5', '경제', 'Brindled gnu', 'Maren', 'Bluejam', 805, 25207, 'noimage.png', 'ante vel ipsum praesent blandit lacinia erat vestibulum sed magna', '판매중', '2020-12-07 00:00:00', '2021-09-23 00:00:00'),
	(59, '220458503-3', '컴퓨터', 'Ring dove', 'Jemmie', 'Oyoyo', 852, 25157, 'noimage.png', 'quam suspendisse potenti nullam porttitor lacus at turpis donec posuere metus vitae', '구편절판', '2021-09-12 00:00:00', '2021-09-23 00:00:00'),
	(60, '953664462-2', '만화', 'Sable antelope', 'Alejoa', 'Gabspot', 602, 14586, 'noimage.png', 'ullamcorper augue a suscipit nulla elit ac nulla sed vel enim sit amet nunc viverra dapibus nulla', '품절', '2021-03-04 00:00:00', '2021-09-23 00:00:00'),
	(61, '684962152-1', '컴퓨터', 'Antechinus, brown', 'Gram', 'Npath', 725, 10082, 'noimage.png', 'ligula nec sem duis aliquam convallis nunc proin at turpis a pede posuere nonummy integer', '품절', '2021-03-04 00:00:00', '2021-09-23 00:00:00'),
	(62, '458126295-X', '소설', 'Vulture, black', 'Bendix', 'Twimm', 385, 16534, 'noimage.png', 'maecenas ut massa quis augue luctus tincidunt nulla mollis molestie', '구편절판', '2020-12-26 00:00:00', '2021-09-23 00:00:00'),
	(63, '989580027-4', '외국어', 'Racer snake', 'Kelila', 'Voonyx', 372, 16008, 'noimage.png', 'ut at dolor quis odio consequat varius integer ac leo pellentesque ultrices mattis odio donec vitae nisi nam ultrices libero', '품절', '2021-02-28 00:00:00', '2021-09-23 00:00:00'),
	(64, '777191416-0', '만화', 'Malagasy ground boa', 'David', 'Dynava', 507, 17775, 'noimage.png', 'orci mauris lacinia sapien quis libero nullam sit amet turpis elementum ligula vehicula consequat morbi a ipsum integer', '판매중', '2021-09-13 00:00:00', '2021-09-23 00:00:00'),
	(65, '944959468-6', '경제', 'Raccoon dog', 'Maison', 'Oozz', 782, 22931, 'noimage.png', 'amet nunc viverra dapibus nulla suscipit ligula in lacus curabitur at ipsum ac tellus semper interdum mauris', '판매중', '2021-03-24 00:00:00', '2021-09-23 00:00:00'),
	(66, '516216725-8', '여행', 'Gecko (unidentified)', 'Archibold', 'Innojam', 460, 9689, 'noimage.png', 'curae mauris viverra diam vitae quam suspendisse potenti nullam porttitor lacus at', '절판', '2020-12-02 00:00:00', '2021-09-23 00:00:00'),
	(67, '542504520-4', '외국어', 'Eagle, long-crested hawk', 'Ollie', 'Topiclounge', 721, 10321, 'noimage.png', 'morbi non quam nec dui luctus rutrum nulla tellus in sagittis dui vel', '구편절판', '2021-07-21 00:00:00', '2021-09-23 00:00:00'),
	(68, '013519764-3', '외국어', 'Mexican wolf', 'Ruthanne', 'Realcube', 531, 8354, 'noimage.png', 'vivamus metus arcu adipiscing molestie hendrerit at vulputate vitae nisl aenean', '품절', '2021-09-15 00:00:00', '2021-09-23 00:00:00'),
	(69, '056352297-6', '만화', 'Skink, african', 'Merridie', 'Edgeclub', 659, 27079, 'noimage.png', 'hac habitasse platea dictumst etiam faucibus cursus urna ut tellus nulla', '절판', '2020-10-20 00:00:00', '2021-09-23 00:00:00'),
	(70, '778320906-8', '컴퓨터', 'Butterfly (unidentified)', 'Giavani', 'Bubbletube', 839, 6919, 'noimage.png', 'rhoncus mauris enim leo rhoncus sed vestibulum sit amet cursus id turpis integer aliquet massa id lobortis', '절판', '2021-09-12 00:00:00', '2021-09-23 00:00:00'),
	(71, '688030024-3', '만화', 'Jungle cat', 'Leena', 'Voomm', 756, 28270, 'noimage.png', 'turpis integer aliquet massa id lobortis convallis tortor risus dapibus augue vel accumsan tellus nisi', '구편절판', '2020-12-20 00:00:00', '2021-09-23 00:00:00'),
	(72, '944261701-X', '여행', 'Mississippi alligator', 'Verney', 'Youfeed', 644, 12634, 'noimage.png', 'donec dapibus duis at velit eu est congue elementum in hac habitasse platea dictumst morbi', '품절', '2021-09-10 00:00:00', '2021-09-23 00:00:00'),
	(73, '721482985-1', '여행', 'North American porcupine', 'Daisie', 'Camido', 677, 5003, 'noimage.png', 'tortor sollicitudin mi sit amet lobortis sapien sapien non mi integer ac neque duis bibendum morbi non quam', '절판', '2020-11-23 00:00:00', '2021-09-23 00:00:00'),
	(74, '956190821-2', '소설', 'Northern elephant seal', 'Elana', 'Mydo', 215, 13970, 'noimage.png', 'faucibus orci luctus et ultrices posuere cubilia curae mauris viverra diam vitae quam suspendisse potenti nullam porttitor', '구편절판', '2021-06-07 00:00:00', '2021-09-23 00:00:00'),
	(75, '989996597-9', '만화', 'Flamingo, lesser', 'Hermy', 'Voomm', 375, 14938, 'noimage.png', 'rhoncus dui vel sem sed sagittis nam congue risus semper porta volutpat', '판매중', '2021-01-22 00:00:00', '2021-09-23 00:00:00'),
	(76, '957872205-2', '여행', 'Cape Barren goose', 'Fawne', 'Oloo', 604, 17017, 'noimage.png', 'sociis natoque penatibus et magnis dis parturient montes nascetur ridiculus mus vivamus vestibulum sagittis sapien cum sociis natoque', '품절', '2021-08-30 00:00:00', '2021-09-23 00:00:00'),
	(77, '517769560-3', '컴퓨터', 'Oriental short-clawed otter', 'Crissy', 'Zoovu', 249, 18088, 'noimage.png', 'nisi venenatis tristique fusce congue diam id ornare imperdiet sapien urna pretium nisl', '절판', '2021-03-05 00:00:00', '2021-09-23 00:00:00'),
	(78, '318191059-7', '경제', 'Steenbok', 'Liliane', 'Thoughtstorm', 122, 28394, 'noimage.png', 'donec semper sapien a libero nam dui proin leo odio porttitor id consequat in consequat ut nulla', '판매중', '2021-01-02 00:00:00', '2021-09-23 00:00:00'),
	(79, '914846550-X', '경제', 'Ibis, puna', 'Dode', 'Izio', 986, 23186, 'noimage.png', 'lacus at velit vivamus vel nulla eget eros elementum pellentesque quisque porta volutpat erat quisque erat eros viverra', '구편절판', '2020-12-29 00:00:00', '2021-09-23 00:00:00'),
	(80, '012105113-7', '외국어', 'Jungle cat', 'Wesley', 'Mynte', 353, 18501, 'noimage.png', 'at nibh in hac habitasse platea dictumst aliquam augue quam sollicitudin vitae consectetuer eget rutrum at lorem integer tincidunt ante', '품절', '2021-03-23 00:00:00', '2021-09-23 00:00:00'),
	(81, '571810372-0', '외국어', 'African elephant', 'Ashil', 'Devshare', 673, 10890, 'noimage.png', 'augue aliquam erat volutpat in congue etiam justo etiam pretium iaculis justo in hac habitasse', '품절', '2021-06-30 00:00:00', '2021-09-23 00:00:00'),
	(82, '594307946-7', '여행', 'Mountain duck', 'Ferdy', 'Kwilith', 549, 10450, 'noimage.png', 'vivamus vestibulum sagittis sapien cum sociis natoque penatibus et magnis dis parturient montes', '절판', '2021-01-26 00:00:00', '2021-09-23 00:00:00'),
	(83, '138845070-4', '컴퓨터', 'Lily trotter', 'Dacey', 'Brightbean', 740, 18755, 'noimage.png', 'et ultrices posuere cubilia curae nulla dapibus dolor vel est donec odio justo sollicitudin ut suscipit a feugiat', '구편절판', '2021-06-11 00:00:00', '2021-09-23 00:00:00'),
	(84, '754222598-7', '여행', 'Swan, trumpeter', 'Berna', 'Vidoo', 546, 14823, 'noimage.png', 'consequat dui nec nisi volutpat eleifend donec ut dolor morbi vel', '구편절판', '2020-12-02 00:00:00', '2021-09-23 00:00:00'),
	(85, '944576352-1', '만화', 'Penguin, magellanic', 'Eulalie', 'Tekfly', 780, 13548, 'noimage.png', 'consectetuer adipiscing elit proin interdum mauris non ligula pellentesque ultrices', '품절', '2021-05-19 00:00:00', '2021-09-23 00:00:00'),
	(86, '267408706-4', '경제', 'Deer, spotted', 'Pauly', 'Brainverse', 950, 18536, 'noimage.png', 'ultrices vel augue vestibulum ante ipsum primis in faucibus orci luctus et ultrices posuere cubilia curae', '구편절판', '2021-04-04 00:00:00', '2021-09-23 00:00:00'),
	(87, '077007351-4', '경제', 'African skink', 'Barbaraanne', 'Einti', 587, 28902, 'noimage.png', 'eros elementum pellentesque quisque porta volutpat erat quisque erat eros', '구편절판', '2021-02-10 00:00:00', '2021-09-23 00:00:00'),
	(88, '783574559-3', '소설', 'Snow goose', 'Blane', 'Bluejam', 127, 17263, 'noimage.png', 'vel est donec odio justo sollicitudin ut suscipit a feugiat et', '품절', '2020-11-14 00:00:00', '2021-09-23 00:00:00'),
	(89, '018591911-1', '경제', 'Rat, desert kangaroo', 'Raddie', 'Vidoo', 466, 19643, 'noimage.png', 'risus semper porta volutpat quam pede lobortis ligula sit amet eleifend pede libero quis orci nullam molestie nibh in lectus', '품절', '2021-02-21 00:00:00', '2021-09-23 00:00:00'),
	(90, '552963491-5', '만화', 'Gull, silver', 'Ezechiel', 'Thoughtsphere', 547, 5951, 'noimage.png', 'curabitur convallis duis consequat dui nec nisi volutpat eleifend donec ut dolor morbi vel lectus', '판매중', '2021-06-23 00:00:00', '2021-09-23 00:00:00'),
	(91, '038722910-8', '여행', 'Marine iguana', 'Maximo', 'Kimia', 306, 27100, 'noimage.png', 'non velit donec diam neque vestibulum eget vulputate ut ultrices vel augue', '절판', '2021-02-23 00:00:00', '2021-09-23 00:00:00'),
	(92, '077583217-0', '여행', 'Booby, blue-faced', 'Gertrude', 'Eazzy', 479, 9822, 'noimage.png', 'vel accumsan tellus nisi eu orci mauris lacinia sapien quis libero nullam sit amet turpis elementum ligula vehicula consequat morbi', '절판', '2020-10-13 00:00:00', '2021-09-23 00:00:00'),
	(93, '660413249-8', '여행', 'Striped skunk', 'Conchita', 'Tagtune', 800, 28161, 'noimage.png', 'sit amet eleifend pede libero quis orci nullam molestie nibh in', '절판', '2021-04-20 00:00:00', '2021-09-23 00:00:00'),
	(94, '112787020-3', '컴퓨터', 'Tapir, brazilian', 'Montague', 'Oyondu', 583, 13553, 'noimage.png', 'in lacus curabitur at ipsum ac tellus semper interdum mauris ullamcorper purus sit', '구편절판', '2021-06-20 00:00:00', '2021-09-23 00:00:00'),
	(95, '478124760-1', '여행', 'Squirrel, palm', 'Waldo', 'Katz', 807, 5725, 'noimage.png', 'non mi integer ac neque duis bibendum morbi non quam nec dui luctus rutrum', '판매중', '2021-02-20 00:00:00', '2021-09-23 00:00:00'),
	(96, '015856361-1', '경제', 'Blue wildebeest', 'Doretta', 'Mydo', 574, 28921, 'noimage.png', 'cubilia curae duis faucibus accumsan odio curabitur convallis duis consequat dui nec nisi volutpat eleifend donec ut', '절판', '2021-03-30 00:00:00', '2021-09-23 00:00:00'),
	(97, '696117794-8', '만화', 'Currasow (unidentified)', 'Goldy', 'Divape', 443, 14074, 'noimage.png', 'amet justo morbi ut odio cras mi pede malesuada in imperdiet', '구편절판', '2021-03-09 00:00:00', '2021-09-23 00:00:00'),
	(98, '474631636-8', '만화', 'Greylag goose', 'Keely', 'Babblestorm', 450, 6228, 'noimage.png', 'erat vestibulum sed magna at nunc commodo placerat praesent blandit nam nulla integer pede justo lacinia eget tincidunt eget tempus', '절판', '2021-04-08 00:00:00', '2021-09-23 00:00:00'),
	(99, '155796862-4', '여행', 'Glossy starling (unidentified)', 'Eloise', 'Blogspan', 168, 15069, 'noimage.png', 'venenatis tristique fusce congue diam id ornare imperdiet sapien urna pretium nisl ut volutpat sapien arcu', '품절', '2020-11-05 00:00:00', '2021-09-23 00:00:00'),
	(100, '285449025-8', '경제', 'Brazilian tapir', 'Boony', 'Kwimbee', 342, 5305, 'noimage.png', 'magna at nunc commodo placerat praesent blandit nam nulla integer pede justo lacinia eget tincidunt eget tempus vel', '절판', '2021-06-11 00:00:00', '2021-09-23 00:00:00'),
	(101, '588096876-6', '소설', 'Viper, egyptian', 'Gabriellia', 'Einti', 962, 19143, 'noimage.png', 'ac nibh fusce lacus purus aliquet at feugiat non pretium quis lectus suspendisse potenti in eleifend quam', '절판', '2021-03-07 00:00:00', '2021-09-23 00:00:00'),
	(102, '816750035-7', '여행', 'Little grebe', 'Cris', 'Yozio', 311, 8304, 'noimage.png', 'ipsum primis in faucibus orci luctus et ultrices posuere cubilia curae duis faucibus accumsan odio curabitur convallis duis', '판매중', '2020-12-18 00:00:00', '2021-09-23 00:00:00'),
	(103, '354115844-1', '경제', 'Armadillo, nine-banded', 'Kass', 'Mita', 207, 7212, 'noimage.png', 'est et tempus semper est quam pharetra magna ac consequat metus sapien ut nunc vestibulum ante', '구편절판', '2021-08-23 00:00:00', '2021-09-23 00:00:00'),
	(104, '043540218-8', '여행', 'Siskin, yellow-rumped', 'Gilemette', 'Yabox', 137, 22966, 'noimage.png', 'rutrum neque aenean auctor gravida sem praesent id massa id', '구편절판', '2020-09-27 00:00:00', '2021-09-23 00:00:00'),
	(105, '240481583-0', '만화', 'Campo flicker', 'Giffie', 'Fanoodle', 253, 16124, 'noimage.png', 'elementum pellentesque quisque porta volutpat erat quisque erat eros viverra eget congue', '판매중', '2020-12-29 00:00:00', '2021-09-23 00:00:00'),
	(106, '643678504-3', '외국어', 'Red-tailed wambenger', 'Zia', 'Ntags', 416, 17485, 'noimage.png', 'non mauris morbi non lectus aliquam sit amet diam in magna bibendum imperdiet nullam orci pede venenatis non', '품절', '2020-11-07 00:00:00', '2021-09-23 00:00:00'),
	(107, '193531203-0', '소설', 'Cape white-eye', 'Beatriz', 'Gigashots', 325, 16202, 'noimage.png', 'consequat varius integer ac leo pellentesque ultrices mattis odio donec vitae nisi nam ultrices libero non', '판매중', '2021-01-14 00:00:00', '2021-09-23 00:00:00'),
	(108, '389274454-8', '컴퓨터', 'Gull, silver', 'Lyn', 'Rhyloo', 823, 22647, 'noimage.png', 'montes nascetur ridiculus mus vivamus vestibulum sagittis sapien cum sociis natoque', '구편절판', '2020-11-01 00:00:00', '2021-09-23 00:00:00'),
	(109, '787467390-5', '소설', 'Crane, wattled', 'Roanne', 'Riffwire', 201, 21859, 'noimage.png', 'risus dapibus augue vel accumsan tellus nisi eu orci mauris lacinia sapien quis libero nullam sit amet turpis elementum', '판매중', '2020-12-20 00:00:00', '2021-09-23 00:00:00'),
	(110, '964171363-9', '경제', 'Tinamou, elegant crested', 'Cletis', 'Livetube', 627, 7528, 'noimage.png', 'donec dapibus duis at velit eu est congue elementum in hac habitasse platea dictumst morbi vestibulum velit id pretium iaculis', '판매중', '2020-11-18 00:00:00', '2021-09-23 00:00:00'),
	(111, '061360225-0', '여행', 'Albatross, waved', 'Gabey', 'Brightbean', 169, 13574, 'noimage.png', 'natoque penatibus et magnis dis parturient montes nascetur ridiculus mus vivamus vestibulum sagittis sapien cum sociis natoque', '판매중', '2021-02-26 00:00:00', '2021-09-23 00:00:00'),
	(112, '177204540-3', '외국어', 'Pale-throated three-toed sloth', 'Tansy', 'Eayo', 736, 13194, 'noimage.png', 'diam id ornare imperdiet sapien urna pretium nisl ut volutpat sapien arcu sed augue aliquam erat volutpat in congue', '품절', '2021-08-16 00:00:00', '2021-09-23 00:00:00'),
	(113, '986155942-6', '만화', 'Australian spiny anteater', 'Kirstin', 'Zoombeat', 269, 21417, 'noimage.png', 'faucibus orci luctus et ultrices posuere cubilia curae duis faucibus accumsan odio curabitur', '판매중', '2021-09-12 00:00:00', '2021-09-23 00:00:00'),
	(114, '612880368-7', '여행', 'Jungle kangaroo', 'Tamarah', 'Wordware', 968, 23330, 'noimage.png', 'eget semper rutrum nulla nunc purus phasellus in felis donec', '판매중', '2021-05-09 00:00:00', '2021-09-23 00:00:00'),
	(115, '903898770-6', '여행', 'American woodcock', 'Sean', 'Pixonyx', 219, 10484, 'noimage.png', 'vulputate luctus cum sociis natoque penatibus et magnis dis parturient montes', '구편절판', '2020-12-27 00:00:00', '2021-09-23 00:00:00'),
	(116, '147329553-X', '여행', 'Macaque, pig-tailed', 'Zita', 'Riffpath', 662, 28797, 'noimage.png', 'proin interdum mauris non ligula pellentesque ultrices phasellus id sapien in sapien iaculis congue vivamus metus arcu', '구편절판', '2021-03-08 00:00:00', '2021-09-23 00:00:00'),
	(117, '992339343-7', '소설', 'Dassie', 'Sharl', 'Kwilith', 260, 26418, 'noimage.png', 'at ipsum ac tellus semper interdum mauris ullamcorper purus sit amet', '판매중', '2021-02-08 00:00:00', '2021-09-23 00:00:00'),
	(118, '964430601-5', '만화', 'Otter, giant', 'Wilie', 'Kanoodle', 803, 9985, 'noimage.png', 'urna pretium nisl ut volutpat sapien arcu sed augue aliquam erat volutpat in congue etiam justo etiam pretium iaculis justo', '판매중', '2021-08-01 00:00:00', '2021-09-23 00:00:00'),
	(119, '008712750-4', '경제', 'Yellow-brown sungazer', 'Elsey', 'Twitterbeat', 139, 8876, 'noimage.png', 'ut mauris eget massa tempor convallis nulla neque libero convallis eget', '절판', '2021-09-07 00:00:00', '2021-09-23 00:00:00'),
	(120, '114596630-6', '여행', 'White-necked stork', 'Free', 'Dynabox', 510, 15847, 'noimage.png', 'non ligula pellentesque ultrices phasellus id sapien in sapien iaculis congue vivamus metus arcu adipiscing', '절판', '2021-05-11 00:00:00', '2021-09-23 00:00:00'),
	(121, '793349174-X', '만화', 'Ibex', 'Lindon', 'Devcast', 879, 27952, 'noimage.png', 'hac habitasse platea dictumst morbi vestibulum velit id pretium iaculis diam erat fermentum justo', '판매중', '2021-04-18 00:00:00', '2021-09-23 00:00:00'),
	(122, '247006213-6', '소설', 'Colobus, magistrate black', 'Jsandye', 'Quire', 483, 5929, 'noimage.png', 'eros viverra eget congue eget semper rutrum nulla nunc purus phasellus', '품절', '2021-02-16 00:00:00', '2021-09-23 00:00:00'),
	(123, '897978208-X', '경제', 'Heron, gray', 'Gabbie', 'Kamba', 579, 28624, 'noimage.png', 'ultrices posuere cubilia curae mauris viverra diam vitae quam suspendisse', '절판', '2021-01-26 00:00:00', '2021-09-23 00:00:00'),
	(124, '037442674-0', '여행', 'White-fronted capuchin', 'Chantalle', 'Oodoo', 296, 24833, 'noimage.png', 'condimentum neque sapien placerat ante nulla justo aliquam quis turpis eget elit sodales scelerisque mauris sit amet eros suspendisse', '구편절판', '2020-12-21 00:00:00', '2021-09-23 00:00:00'),
	(125, '684877898-2', '경제', 'European shelduck', 'Chaddie', 'Voonder', 314, 19057, 'noimage.png', 'eros vestibulum ac est lacinia nisi venenatis tristique fusce congue diam', '품절', '2021-02-09 00:00:00', '2021-09-23 00:00:00'),
	(126, '409336121-5', '컴퓨터', 'Suricate', 'Guthrey', 'Twimm', 372, 21840, 'noimage.png', 'sed tincidunt eu felis fusce posuere felis sed lacus morbi sem mauris laoreet ut rhoncus aliquet pulvinar sed nisl nunc', '구편절판', '2021-07-20 00:00:00', '2021-09-23 00:00:00'),
	(127, '210213909-3', '외국어', 'Brindled gnu', 'Dore', 'Skiptube', 835, 22400, 'noimage.png', 'consectetuer eget rutrum at lorem integer tincidunt ante vel ipsum praesent blandit lacinia', '품절', '2020-12-11 00:00:00', '2021-09-23 00:00:00'),
	(128, '545691987-7', '만화', 'Nilgai', 'Vanessa', 'Viva', 979, 6073, 'noimage.png', 'quis turpis sed ante vivamus tortor duis mattis egestas metus aenean', '품절', '2021-02-11 00:00:00', '2021-09-23 00:00:00'),
	(129, '416506675-3', '만화', 'Marine iguana', 'Corrinne', 'Eare', 543, 16955, 'noimage.png', 'eget semper rutrum nulla nunc purus phasellus in felis donec semper sapien a libero nam', '판매중', '2020-12-05 00:00:00', '2021-09-23 00:00:00'),
	(130, '387664969-2', '경제', 'Eland, common', 'Gabi', 'Browsedrive', 378, 19678, 'noimage.png', 'nec dui luctus rutrum nulla tellus in sagittis dui vel nisl duis ac', '판매중', '2021-09-14 00:00:00', '2021-09-23 00:00:00'),
	(131, '077140332-1', '소설', 'Red meerkat', 'Chandal', 'Nlounge', 985, 10354, 'noimage.png', 'ipsum dolor sit amet consectetuer adipiscing elit proin interdum mauris non ligula pellentesque ultrices phasellus id sapien in sapien iaculis', '품절', '2021-06-21 00:00:00', '2021-09-23 00:00:00'),
	(132, '548714109-6', '여행', 'Hoary marmot', 'Baxie', 'Topdrive', 422, 11936, 'noimage.png', 'ultrices posuere cubilia curae nulla dapibus dolor vel est donec odio justo sollicitudin ut', '품절', '2020-12-18 00:00:00', '2021-09-23 00:00:00'),
	(133, '932214982-5', '컴퓨터', 'Northern fur seal', 'Kimbell', 'Gigaclub', 766, 12814, 'noimage.png', 'morbi quis tortor id nulla ultrices aliquet maecenas leo odio condimentum id luctus nec', '절판', '2021-09-06 00:00:00', '2021-09-23 00:00:00'),
	(134, '402830805-4', '외국어', 'Boa, columbian rainbow', 'Art', 'Trudoo', 441, 7503, 'noimage.png', 'sapien iaculis congue vivamus metus arcu adipiscing molestie hendrerit at vulputate vitae nisl', '절판', '2021-05-13 00:00:00', '2021-09-23 00:00:00'),
	(135, '630840184-6', '여행', 'Vervet monkey', 'Linnie', 'Edgetag', 161, 21918, 'noimage.png', 'ultricies eu nibh quisque id justo sit amet sapien dignissim vestibulum', '품절', '2021-02-01 00:00:00', '2021-09-23 00:00:00'),
	(136, '135546259-2', '만화', 'Salmon, sockeye', 'Eddy', 'Abatz', 178, 28760, 'noimage.png', 'libero nullam sit amet turpis elementum ligula vehicula consequat morbi a ipsum integer a nibh in', '절판', '2021-01-30 00:00:00', '2021-09-23 00:00:00'),
	(137, '703095056-9', '컴퓨터', 'Asian lion', 'Agna', 'Skidoo', 950, 18091, 'noimage.png', 'ligula pellentesque ultrices phasellus id sapien in sapien iaculis congue vivamus metus arcu adipiscing molestie hendrerit at', '구편절판', '2021-05-25 00:00:00', '2021-09-23 00:00:00'),
	(138, '909937859-9', '경제', 'Water monitor', 'Milissent', 'Eamia', 431, 23584, 'noimage.png', 'fusce posuere felis sed lacus morbi sem mauris laoreet ut rhoncus aliquet pulvinar sed nisl nunc rhoncus dui vel', '절판', '2021-05-02 00:00:00', '2021-09-23 00:00:00'),
	(139, '384565231-4', '외국어', 'Hare, arctic', 'Peirce', 'Demizz', 360, 10672, 'noimage.png', 'ultrices enim lorem ipsum dolor sit amet consectetuer adipiscing elit proin interdum mauris non ligula', '품절', '2021-09-19 00:00:00', '2021-09-23 00:00:00'),
	(140, '234855797-5', '만화', 'Blue racer', 'Ammamaria', 'Thoughtbridge', 755, 7082, 'noimage.png', 'eros elementum pellentesque quisque porta volutpat erat quisque erat eros viverra eget congue eget', '품절', '2021-04-07 00:00:00', '2021-09-23 00:00:00'),
	(141, '045314318-0', '여행', 'Tern, white-winged black', 'Eachelle', 'Topiclounge', 155, 17876, 'noimage.png', 'luctus tincidunt nulla mollis molestie lorem quisque ut erat curabitur gravida nisi at nibh in hac', '절판', '2021-01-05 00:00:00', '2021-09-23 00:00:00'),
	(142, '005389804-4', '경제', 'Bat, asian false vampire', 'Alaine', 'Pixoboo', 240, 6756, 'noimage.png', 'in blandit ultrices enim lorem ipsum dolor sit amet consectetuer adipiscing elit proin interdum mauris non ligula pellentesque ultrices phasellus', '판매중', '2021-03-25 00:00:00', '2021-09-23 00:00:00'),
	(143, '809930001-7', '만화', 'Cat, european wild', 'Adelice', 'Quatz', 322, 27908, 'noimage.png', 'lobortis convallis tortor risus dapibus augue vel accumsan tellus nisi eu orci mauris lacinia sapien quis libero', '판매중', '2021-05-26 00:00:00', '2021-09-23 00:00:00'),
	(144, '780371333-5', '경제', 'Eagle, bateleur', 'Ladonna', 'Realfire', 409, 29879, 'noimage.png', 'massa volutpat convallis morbi odio odio elementum eu interdum eu tincidunt in leo maecenas pulvinar lobortis est phasellus sit amet', '절판', '2020-11-07 00:00:00', '2021-09-23 00:00:00'),
	(145, '849996365-X', '소설', 'Toucan, red-billed', 'Shel', 'Tekfly', 760, 27445, 'noimage.png', 'est risus auctor sed tristique in tempus sit amet sem fusce consequat nulla', '절판', '2020-11-22 00:00:00', '2021-09-23 00:00:00'),
	(146, '563343224-X', '외국어', 'Cape wild cat', 'Emlynne', 'Fiveclub', 409, 13447, 'noimage.png', 'condimentum neque sapien placerat ante nulla justo aliquam quis turpis eget elit sodales scelerisque mauris sit', '절판', '2020-11-30 00:00:00', '2021-09-23 00:00:00'),
	(147, '955900099-3', '소설', 'Blue racer', 'Birgit', 'Chatterpoint', 538, 10608, 'noimage.png', 'sed nisl nunc rhoncus dui vel sem sed sagittis nam congue risus semper porta', '판매중', '2020-11-22 00:00:00', '2021-09-23 00:00:00'),
	(148, '441110742-2', '컴퓨터', 'Teal, hottentot', 'Essie', 'Meemm', 326, 12824, 'noimage.png', 'proin interdum mauris non ligula pellentesque ultrices phasellus id sapien in sapien', '구편절판', '2021-08-16 00:00:00', '2021-09-23 00:00:00'),
	(149, '519448136-5', '외국어', 'Small-clawed otter', 'Read', 'Jaloo', 315, 7320, 'noimage.png', 'sit amet sapien dignissim vestibulum vestibulum ante ipsum primis in faucibus orci luctus et ultrices posuere cubilia', '판매중', '2021-06-01 00:00:00', '2021-09-23 00:00:00'),
	(150, '024782985-4', '소설', 'Horned lark', 'Brenda', 'Oyoloo', 952, 17691, 'noimage.png', 'nulla ultrices aliquet maecenas leo odio condimentum id luctus nec molestie sed justo pellentesque viverra pede ac', '판매중', '2021-01-07 00:00:00', '2021-09-23 00:00:00'),
	(151, '405539605-8', '외국어', 'Woodpecker, red-headed', 'Georgiana', 'Centizu', 557, 28312, 'noimage.png', 'nibh quisque id justo sit amet sapien dignissim vestibulum vestibulum', '구편절판', '2021-07-05 00:00:00', '2021-09-23 00:00:00'),
	(152, '625822920-4', '소설', 'Wallaroo, common', 'Barbie', 'Mydeo', 162, 10577, 'noimage.png', 'pede malesuada in imperdiet et commodo vulputate justo in blandit ultrices enim lorem ipsum', '절판', '2021-07-22 00:00:00', '2021-09-23 00:00:00'),
	(153, '109767116-X', '여행', 'Purple moorhen', 'Josefina', 'Dynabox', 727, 9183, 'noimage.png', 'dui vel sem sed sagittis nam congue risus semper porta volutpat quam pede', '절판', '2021-06-19 00:00:00', '2021-09-23 00:00:00'),
	(154, '870127633-6', '소설', 'Wallaby, bennett\'s', 'Catlin', 'Topicshots', 296, 19348, 'noimage.png', 'donec dapibus duis at velit eu est congue elementum in hac habitasse platea dictumst morbi vestibulum velit', '판매중', '2021-06-04 00:00:00', '2021-09-23 00:00:00'),
	(155, '210337152-6', '여행', 'Barking gecko', 'Joelly', 'Dablist', 659, 11030, 'noimage.png', 'ligula suspendisse ornare consequat lectus in est risus auctor sed tristique in tempus sit amet sem fusce consequat', '구편절판', '2020-10-23 00:00:00', '2021-09-23 00:00:00'),
	(156, '590467964-5', '외국어', 'Lizard, mexican beaded', 'Esta', 'Browsebug', 467, 10474, 'noimage.png', 'condimentum id luctus nec molestie sed justo pellentesque viverra pede ac diam cras pellentesque', '구편절판', '2021-04-29 00:00:00', '2021-09-23 00:00:00'),
	(157, '683411292-8', '만화', 'Cat, long-tailed spotted', 'Sam', 'Fatz', 753, 24605, 'noimage.png', 'posuere cubilia curae donec pharetra magna vestibulum aliquet ultrices erat tortor sollicitudin mi sit', '판매중', '2020-12-19 00:00:00', '2021-09-23 00:00:00'),
	(158, '342315538-8', '소설', 'Fox, asian red', 'Trey', 'Flashpoint', 896, 19860, 'noimage.png', 'id pretium iaculis diam erat fermentum justo nec condimentum neque sapien placerat', '구편절판', '2020-11-04 00:00:00', '2021-09-23 00:00:00'),
	(159, '448528945-1', '컴퓨터', 'White-winged tern', 'Vonni', 'Meedoo', 772, 19289, 'noimage.png', 'praesent blandit lacinia erat vestibulum sed magna at nunc commodo', '판매중', '2021-09-12 00:00:00', '2021-09-23 00:00:00'),
	(160, '230625958-5', '만화', 'Hornbill, yellow-billed', 'Tove', 'Yakijo', 518, 10943, 'noimage.png', 'non pretium quis lectus suspendisse potenti in eleifend quam a odio in hac habitasse', '품절', '2021-01-18 00:00:00', '2021-09-23 00:00:00'),
	(161, '428883455-4', '컴퓨터', 'Sun gazer', 'Vinny', 'Centimia', 508, 5824, 'noimage.png', 'sem sed sagittis nam congue risus semper porta volutpat quam pede lobortis ligula', '판매중', '2021-07-12 00:00:00', '2021-09-23 00:00:00'),
	(162, '018773521-2', '컴퓨터', 'Macaw, scarlet', 'Mason', 'Gigaclub', 270, 9059, 'noimage.png', 'libero rutrum ac lobortis vel dapibus at diam nam tristique', '판매중', '2020-10-08 00:00:00', '2021-09-23 00:00:00'),
	(163, '594532280-6', '만화', 'Penguin, galapagos', 'Linoel', 'Browsebug', 418, 14314, 'noimage.png', 'diam neque vestibulum eget vulputate ut ultrices vel augue vestibulum ante', '구편절판', '2020-11-03 00:00:00', '2021-09-23 00:00:00'),
	(164, '409045153-1', '경제', 'Wallaby, tammar', 'Elberta', 'Browsebug', 678, 8887, 'noimage.png', 'ut nulla sed accumsan felis ut at dolor quis odio consequat', '품절', '2020-10-14 00:00:00', '2021-09-23 00:00:00'),
	(165, '124414287-5', '외국어', 'Roseate cockatoo', 'Marie', 'Jabbersphere', 563, 14030, 'noimage.png', 'eleifend luctus ultricies eu nibh quisque id justo sit amet sapien dignissim vestibulum vestibulum', '판매중', '2020-09-26 00:00:00', '2021-09-23 00:00:00'),
	(166, '189512569-3', '경제', 'Turkey, wild', 'Hew', 'Agivu', 955, 24079, 'noimage.png', 'massa volutpat convallis morbi odio odio elementum eu interdum eu tincidunt in', '판매중', '2020-11-15 00:00:00', '2021-09-23 00:00:00'),
	(167, '255758635-8', '컴퓨터', 'Buffalo, wild water', 'Riobard', 'Abata', 895, 17145, 'noimage.png', 'erat eros viverra eget congue eget semper rutrum nulla nunc purus phasellus in felis donec semper sapien a', '절판', '2020-10-02 00:00:00', '2021-09-23 00:00:00'),
	(168, '526699483-5', '여행', 'Dog, bush', 'Britni', 'Jabberbean', 658, 25326, 'noimage.png', 'justo etiam pretium iaculis justo in hac habitasse platea dictumst etiam faucibus cursus urna ut tellus nulla ut', '구편절판', '2020-11-08 00:00:00', '2021-09-23 00:00:00'),
	(169, '387119202-3', '만화', 'Dolphin, bottle-nose', 'Renard', 'Meejo', 822, 9000, 'noimage.png', 'justo in blandit ultrices enim lorem ipsum dolor sit amet consectetuer adipiscing', '품절', '2021-09-04 00:00:00', '2021-09-23 00:00:00'),
	(170, '492556305-X', '경제', 'Dark-winged trumpeter', 'Dedra', 'Blogtag', 260, 8821, 'noimage.png', 'vestibulum ante ipsum primis in faucibus orci luctus et ultrices posuere', '구편절판', '2021-02-06 00:00:00', '2021-09-23 00:00:00'),
	(171, '092372293-9', '경제', 'Chilean flamingo', 'Nedda', 'Fadeo', 140, 22244, 'noimage.png', 'non quam nec dui luctus rutrum nulla tellus in sagittis', '판매중', '2021-02-02 00:00:00', '2021-09-23 00:00:00'),
	(172, '537034927-4', '외국어', 'Squirrel, eurasian red', 'Debora', 'Yacero', 280, 13718, 'noimage.png', 'vel augue vestibulum ante ipsum primis in faucibus orci luctus et', '절판', '2021-01-04 00:00:00', '2021-09-23 00:00:00'),
	(173, '314993226-2', '만화', 'Bustard, kori', 'Tucker', 'Aimbu', 805, 27567, 'noimage.png', 'at dolor quis odio consequat varius integer ac leo pellentesque ultrices', '품절', '2021-02-03 00:00:00', '2021-09-23 00:00:00'),
	(174, '516974127-8', '만화', 'Caracara, yellow-headed', 'Rosy', 'Babblestorm', 721, 16919, 'noimage.png', 'vel est donec odio justo sollicitudin ut suscipit a feugiat et eros vestibulum ac est', '절판', '2021-01-17 00:00:00', '2021-09-23 00:00:00'),
	(175, '286775460-7', '경제', 'Black-cheeked waxbill', 'Clarisse', 'Brainsphere', 596, 6634, 'noimage.png', 'libero nam dui proin leo odio porttitor id consequat in consequat ut nulla sed accumsan felis ut at', '구편절판', '2021-02-22 00:00:00', '2021-09-23 00:00:00'),
	(176, '527578924-6', '여행', 'Bulbul, african red-eyed', 'Lonna', 'Yodel', 120, 20372, 'noimage.png', 'ultrices vel augue vestibulum ante ipsum primis in faucibus orci luctus et ultrices', '판매중', '2020-10-19 00:00:00', '2021-09-23 00:00:00'),
	(177, '544621853-1', '소설', 'Ringtail', 'Naoma', 'Flipopia', 546, 20663, 'noimage.png', 'molestie nibh in lectus pellentesque at nulla suspendisse potenti cras in purus eu', '구편절판', '2021-01-25 00:00:00', '2021-09-23 00:00:00'),
	(178, '838212535-2', '경제', 'Blue-footed booby', 'Windy', 'Yakijo', 818, 19508, 'noimage.png', 'facilisi cras non velit nec nisi vulputate nonummy maecenas tincidunt', '품절', '2021-06-04 00:00:00', '2021-09-23 00:00:00'),
	(179, '085257745-1', '컴퓨터', 'Black-throated cardinal', 'Jaquenetta', 'Jaxworks', 853, 13049, 'noimage.png', 'curabitur in libero ut massa volutpat convallis morbi odio odio elementum eu interdum eu tincidunt', '절판', '2021-09-16 00:00:00', '2021-09-23 00:00:00'),
	(180, '620809057-1', '여행', 'Pelican, great white', 'Yalonda', 'BlogXS', 561, 20424, 'noimage.png', 'leo rhoncus sed vestibulum sit amet cursus id turpis integer aliquet massa id lobortis convallis tortor', '구편절판', '2021-09-06 00:00:00', '2021-09-23 00:00:00'),
	(181, '739733769-4', '소설', 'Hottentot teal', 'Bamby', 'Kare', 224, 7997, 'noimage.png', 'commodo vulputate justo in blandit ultrices enim lorem ipsum dolor sit amet consectetuer adipiscing elit proin', '절판', '2021-03-29 00:00:00', '2021-09-23 00:00:00'),
	(182, '411808827-4', '만화', 'Great white pelican', 'Floris', 'Geba', 990, 29372, 'noimage.png', 'cursus id turpis integer aliquet massa id lobortis convallis tortor risus dapibus augue vel accumsan tellus nisi eu orci mauris', '품절', '2021-08-26 00:00:00', '2021-09-23 00:00:00'),
	(183, '229270076-X', '만화', 'Whale, southern right', 'Nappie', 'Teklist', 150, 25756, 'noimage.png', 'elit proin risus praesent lectus vestibulum quam sapien varius ut blandit non interdum in ante vestibulum ante', '품절', '2020-10-15 00:00:00', '2021-09-23 00:00:00'),
	(184, '009584065-6', '경제', 'Giant heron', 'Carole', 'Fatz', 277, 26583, 'noimage.png', 'vel lectus in quam fringilla rhoncus mauris enim leo rhoncus sed vestibulum sit amet cursus id turpis', '구편절판', '2021-05-24 00:00:00', '2021-09-23 00:00:00'),
	(185, '656142645-2', '여행', 'Kite, black', 'Thorvald', 'Feedmix', 930, 29400, 'noimage.png', 'sit amet consectetuer adipiscing elit proin interdum mauris non ligula pellentesque ultrices phasellus id sapien in sapien iaculis congue vivamus', '판매중', '2021-01-26 00:00:00', '2021-09-23 00:00:00'),
	(186, '120349724-5', '만화', 'Tawny eagle', 'Duffy', 'Feedfire', 883, 24633, 'noimage.png', 'at feugiat non pretium quis lectus suspendisse potenti in eleifend quam a odio in', '판매중', '2020-12-09 00:00:00', '2021-09-23 00:00:00'),
	(187, '134466901-8', '컴퓨터', 'Otter, african clawless', 'Fifi', 'Eadel', 334, 17990, 'noimage.png', 'in hac habitasse platea dictumst etiam faucibus cursus urna ut tellus nulla ut', '품절', '2020-12-05 00:00:00', '2021-09-23 00:00:00'),
	(188, '158132421-9', '소설', 'Vervet monkey', 'Amalea', 'Linktype', 868, 20402, 'noimage.png', 'non mi integer ac neque duis bibendum morbi non quam nec dui luctus rutrum nulla tellus in', '품절', '2021-01-16 00:00:00', '2021-09-23 00:00:00'),
	(189, '783063560-9', '경제', 'Phalarope, red-necked', 'Amble', 'Kazio', 518, 13706, 'noimage.png', 'et ultrices posuere cubilia curae nulla dapibus dolor vel est donec odio justo', '품절', '2021-05-28 00:00:00', '2021-09-23 00:00:00'),
	(190, '697478110-5', '컴퓨터', 'Squirrel, arctic ground', 'Nolan', 'Brainsphere', 759, 22625, 'noimage.png', 'at dolor quis odio consequat varius integer ac leo pellentesque ultrices mattis odio donec vitae nisi nam ultrices libero non', '판매중', '2021-09-09 00:00:00', '2021-09-23 00:00:00'),
	(191, '615261947-5', '소설', 'Weaver, chestnut', 'Bil', 'Meetz', 218, 9347, 'noimage.png', 'cursus vestibulum proin eu mi nulla ac enim in tempor turpis nec euismod', '품절', '2021-02-16 00:00:00', '2021-09-23 00:00:00'),
	(192, '227335492-4', '여행', 'White-bellied sea eagle', 'Natalee', 'Agivu', 930, 15789, 'noimage.png', 'hac habitasse platea dictumst etiam faucibus cursus urna ut tellus', '구편절판', '2021-07-17 00:00:00', '2021-09-23 00:00:00'),
	(193, '358639331-8', '소설', 'Praying mantis (unidentified)', 'Maighdiln', 'Nlounge', 529, 17539, 'noimage.png', 'pellentesque ultrices phasellus id sapien in sapien iaculis congue vivamus', '구편절판', '2020-11-22 00:00:00', '2021-09-23 00:00:00'),
	(194, '210520692-1', '경제', 'Antechinus, brown', 'Monroe', 'Meejo', 218, 10970, 'noimage.png', 'magna vulputate luctus cum sociis natoque penatibus et magnis dis parturient montes nascetur ridiculus mus vivamus vestibulum sagittis', '구편절판', '2021-04-18 00:00:00', '2021-09-23 00:00:00'),
	(195, '276882410-0', '만화', 'Gazelle, thomson\'s', 'Petra', 'Quinu', 555, 8590, 'noimage.png', 'turpis adipiscing lorem vitae mattis nibh ligula nec sem duis aliquam convallis nunc proin at turpis a pede posuere nonummy', '판매중', '2020-11-11 00:00:00', '2021-09-23 00:00:00'),
	(196, '352378717-3', '만화', 'Eurasian hoopoe', 'Ryann', 'Topicware', 965, 11782, 'noimage.png', 'montes nascetur ridiculus mus vivamus vestibulum sagittis sapien cum sociis natoque penatibus et magnis dis parturient montes nascetur', '판매중', '2020-10-13 00:00:00', '2021-09-23 00:00:00'),
	(197, '713889501-1', '여행', 'Black-collared barbet', 'Thurstan', 'Youtags', 542, 7076, 'noimage.png', 'ullamcorper augue a suscipit nulla elit ac nulla sed vel enim sit amet nunc', '절판', '2021-05-15 00:00:00', '2021-09-23 00:00:00'),
	(198, '664445752-5', '여행', 'Southern screamer', 'Clemmie', 'Jabberstorm', 474, 26736, 'noimage.png', 'fermentum justo nec condimentum neque sapien placerat ante nulla justo aliquam', '품절', '2021-04-27 00:00:00', '2021-09-23 00:00:00'),
	(199, '974237650-6', '여행', 'Cobra, cape', 'Abbe', 'Npath', 882, 24985, 'noimage.png', 'in imperdiet et commodo vulputate justo in blandit ultrices enim lorem ipsum dolor sit amet consectetuer adipiscing elit', '구편절판', '2020-12-28 00:00:00', '2021-09-23 00:00:00'),
	(200, '501916412-7', '컴퓨터', 'Dingo', 'Judd', 'Skibox', 694, 16848, 'noimage.png', 'leo odio condimentum id luctus nec molestie sed justo pellentesque viverra pede ac diam cras pellentesque volutpat dui maecenas tristique', '품절', '2021-03-14 00:00:00', '2021-09-23 00:00:00'),
	(201, '656016395-4', '경제', 'Porcupine, african', 'Ivan', 'Feedfire', 474, 22852, 'noimage.png', 'interdum eu tincidunt in leo maecenas pulvinar lobortis est phasellus sit amet erat nulla tempus vivamus', '구편절판', '2020-12-29 00:00:00', '2021-09-23 00:00:00'),
	(202, '382807974-1', '컴퓨터', 'Canadian tiger swallowtail butterfly', 'Christabel', 'Dazzlesphere', 459, 11036, 'noimage.png', 'massa quis augue luctus tincidunt nulla mollis molestie lorem quisque ut erat curabitur gravida nisi at nibh in', '품절', '2021-05-08 00:00:00', '2021-09-23 00:00:00'),
	(203, '187170721-8', '만화', 'Eagle, white-bellied sea', 'Chrisy', 'Jatri', 424, 9063, 'noimage.png', 'nec euismod scelerisque quam turpis adipiscing lorem vitae mattis nibh ligula nec sem duis aliquam convallis nunc', '절판', '2021-04-26 00:00:00', '2021-09-23 00:00:00'),
	(204, '407482375-6', '만화', 'Yellow-brown sungazer', 'Brockie', 'Topicware', 541, 28802, 'noimage.png', 'aenean lectus pellentesque eget nunc donec quis orci eget orci vehicula', '판매중', '2020-12-28 00:00:00', '2021-09-23 00:00:00'),
	(205, '915528817-0', '경제', 'Heron, black-crowned night', 'Dodi', 'Skalith', 399, 18126, 'noimage.png', 'magna vestibulum aliquet ultrices erat tortor sollicitudin mi sit amet lobortis sapien sapien non mi integer ac', '절판', '2020-11-22 00:00:00', '2021-09-23 00:00:00'),
	(206, '915789229-6', '컴퓨터', 'African jacana', 'Guillaume', 'Meevee', 989, 6016, 'noimage.png', 'felis sed interdum venenatis turpis enim blandit mi in porttitor pede justo eu massa donec', '판매중', '2021-03-20 00:00:00', '2021-09-23 00:00:00'),
	(207, '632932759-9', '외국어', 'Red-knobbed coot', 'Rafe', 'Twitterwire', 823, 29761, 'noimage.png', 'nulla nunc purus phasellus in felis donec semper sapien a libero nam', '품절', '2021-05-04 00:00:00', '2021-09-23 00:00:00'),
	(208, '307078020-2', '컴퓨터', 'Duck, comb', 'Trish', 'Zooveo', 393, 17051, 'noimage.png', 'ligula pellentesque ultrices phasellus id sapien in sapien iaculis congue vivamus metus arcu adipiscing molestie', '품절', '2021-04-23 00:00:00', '2021-09-23 00:00:00'),
	(209, '785862865-8', '만화', 'Kafue flats lechwe', 'Patrice', 'Oba', 568, 10103, 'noimage.png', 'penatibus et magnis dis parturient montes nascetur ridiculus mus etiam vel', '판매중', '2021-05-14 00:00:00', '2021-09-23 00:00:00'),
	(210, '090592502-5', '경제', 'Whip-tailed wallaby', 'Jessee', 'Mudo', 762, 25017, 'noimage.png', 'a libero nam dui proin leo odio porttitor id consequat in', '구편절판', '2021-08-28 00:00:00', '2021-09-23 00:00:00'),
	(211, '869449754-9', '컴퓨터', 'North American river otter', 'Illa', 'Skivee', 704, 28032, 'noimage.png', 'porttitor lacus at turpis donec posuere metus vitae ipsum aliquam non mauris morbi', '품절', '2021-08-03 00:00:00', '2021-09-23 00:00:00'),
	(212, '865661415-0', '소설', 'Deer, roe', 'Kelly', 'Youspan', 118, 7899, 'noimage.png', 'vestibulum vestibulum ante ipsum primis in faucibus orci luctus et ultrices posuere cubilia curae nulla dapibus dolor vel', '절판', '2020-10-17 00:00:00', '2021-09-23 00:00:00'),
	(213, '268619646-7', '여행', 'Giraffe', 'Ximenes', 'Jabberbean', 318, 15266, 'noimage.png', 'sed tincidunt eu felis fusce posuere felis sed lacus morbi sem', '판매중', '2021-01-23 00:00:00', '2021-09-23 00:00:00'),
	(214, '426688608-X', '여행', 'Yellow-throated sandgrouse', 'Devora', 'Oyoyo', 377, 22078, 'noimage.png', 'et ultrices posuere cubilia curae mauris viverra diam vitae quam suspendisse potenti nullam porttitor lacus at turpis', '판매중', '2021-04-12 00:00:00', '2021-09-23 00:00:00'),
	(215, '325416986-7', '외국어', 'Richardson\'s ground squirrel', 'Florette', 'Rhycero', 878, 19512, 'noimage.png', 'turpis sed ante vivamus tortor duis mattis egestas metus aenean fermentum donec ut mauris', '품절', '2021-05-05 00:00:00', '2021-09-23 00:00:00'),
	(216, '793519641-9', '소설', 'Topi', 'Neil', 'Thoughtmix', 962, 24673, 'noimage.png', 'donec vitae nisi nam ultrices libero non mattis pulvinar nulla pede', '판매중', '2020-11-05 00:00:00', '2021-09-23 00:00:00'),
	(217, '957147514-9', '컴퓨터', 'Tern, royal', 'Robina', 'Bubblebox', 813, 11052, 'noimage.png', 'in quam fringilla rhoncus mauris enim leo rhoncus sed vestibulum sit', '품절', '2021-02-15 00:00:00', '2021-09-23 00:00:00'),
	(218, '669638194-5', '컴퓨터', 'Cape starling', 'Gena', 'Skinte', 981, 15783, 'noimage.png', 'nisi nam ultrices libero non mattis pulvinar nulla pede ullamcorper augue a suscipit', '판매중', '2021-05-21 00:00:00', '2021-09-23 00:00:00'),
	(219, '659303229-8', '소설', 'American woodcock', 'Dore', 'Fivebridge', 203, 14551, 'noimage.png', 'quam fringilla rhoncus mauris enim leo rhoncus sed vestibulum sit amet cursus id turpis integer', '구편절판', '2021-09-05 00:00:00', '2021-09-23 00:00:00'),
	(220, '304102739-9', '외국어', 'Badger, eurasian', 'Rae', 'Twinder', 431, 9793, 'noimage.png', 'in faucibus orci luctus et ultrices posuere cubilia curae mauris viverra diam vitae quam', '판매중', '2021-09-19 00:00:00', '2021-09-23 00:00:00'),
	(221, '518497299-4', '여행', 'Sandgrouse, yellow-throated', 'Grace', 'Rooxo', 397, 18830, 'noimage.png', 'luctus et ultrices posuere cubilia curae nulla dapibus dolor vel est donec odio', '절판', '2020-12-10 00:00:00', '2021-09-23 00:00:00'),
	(222, '581302397-6', '외국어', 'Turaco, violet-crested', 'Revkah', 'Rhybox', 764, 16892, 'noimage.png', 'placerat praesent blandit nam nulla integer pede justo lacinia eget tincidunt eget tempus', '절판', '2021-01-20 00:00:00', '2021-09-23 00:00:00'),
	(223, '542060076-5', '경제', 'Porcupine, indian', 'Daryn', 'Dablist', 261, 26746, 'noimage.png', 'rutrum rutrum neque aenean auctor gravida sem praesent id massa', '구편절판', '2021-02-05 00:00:00', '2021-09-23 00:00:00'),
	(224, '567045978-4', '외국어', 'Mongoose, yellow', 'Catlin', 'Vidoo', 178, 11347, 'noimage.png', 'ut massa volutpat convallis morbi odio odio elementum eu interdum eu tincidunt in leo maecenas', '구편절판', '2020-10-24 00:00:00', '2021-09-23 00:00:00'),
	(225, '613583563-7', '컴퓨터', 'Galapagos sea lion', 'Silvester', 'Brainverse', 999, 21771, 'noimage.png', 'primis in faucibus orci luctus et ultrices posuere cubilia curae nulla dapibus', '품절', '2021-04-21 00:00:00', '2021-09-23 00:00:00'),
	(226, '173470032-7', '컴퓨터', 'Meerkat, red', 'Rhianna', 'Latz', 882, 16262, 'noimage.png', 'sapien urna pretium nisl ut volutpat sapien arcu sed augue aliquam erat volutpat in congue etiam', '품절', '2021-08-19 00:00:00', '2021-09-23 00:00:00'),
	(227, '352883347-5', '소설', 'White-winged dove', 'Whitaker', 'Oyonder', 150, 28484, 'noimage.png', 'in consequat ut nulla sed accumsan felis ut at dolor quis odio consequat varius integer ac leo pellentesque', '절판', '2021-06-21 00:00:00', '2021-09-23 00:00:00'),
	(228, '882182085-8', '만화', 'Asian lion', 'Hershel', 'Skyvu', 969, 13845, 'noimage.png', 'nec euismod scelerisque quam turpis adipiscing lorem vitae mattis nibh ligula nec sem duis aliquam convallis nunc proin at', '품절', '2021-05-20 00:00:00', '2021-09-23 00:00:00'),
	(229, '255494476-8', '외국어', 'African buffalo', 'Frederik', 'Rhyzio', 280, 7890, 'noimage.png', 'non quam nec dui luctus rutrum nulla tellus in sagittis dui vel nisl duis ac nibh fusce lacus purus aliquet', '구편절판', '2021-04-12 00:00:00', '2021-09-23 00:00:00'),
	(230, '182563473-4', '소설', 'Red howler monkey', 'Kris', 'Centidel', 795, 26523, 'noimage.png', 'luctus cum sociis natoque penatibus et magnis dis parturient montes', '절판', '2021-03-24 00:00:00', '2021-09-23 00:00:00'),
	(231, '971080099-X', '외국어', 'Ibex', 'Gabriel', 'Blogtags', 337, 10178, 'noimage.png', 'cursus urna ut tellus nulla ut erat id mauris vulputate elementum nullam', '절판', '2021-05-26 00:00:00', '2021-09-23 00:00:00'),
	(232, '307207477-1', '컴퓨터', 'Long-nosed bandicoot', 'Loella', 'Wordify', 217, 8088, 'noimage.png', 'phasellus id sapien in sapien iaculis congue vivamus metus arcu', '품절', '2021-08-01 00:00:00', '2021-09-23 00:00:00'),
	(233, '463825871-9', '외국어', 'Duck, white-faced whistling', 'Melanie', 'Eazzy', 309, 19011, 'noimage.png', 'ipsum integer a nibh in quis justo maecenas rhoncus aliquam lacus morbi quis tortor id nulla ultrices', '절판', '2020-12-29 00:00:00', '2021-09-23 00:00:00'),
	(234, '060621847-5', '경제', 'Red-tailed cockatoo', 'Thurstan', 'Kwideo', 799, 23819, 'noimage.png', 'viverra dapibus nulla suscipit ligula in lacus curabitur at ipsum ac', '품절', '2020-10-27 00:00:00', '2021-09-23 00:00:00'),
	(235, '439041146-2', '소설', 'Otter, small-clawed', 'Lenci', 'Skimia', 183, 25248, 'noimage.png', 'imperdiet et commodo vulputate justo in blandit ultrices enim lorem ipsum dolor sit amet consectetuer', '판매중', '2021-03-23 00:00:00', '2021-09-23 00:00:00'),
	(236, '195834371-4', '소설', 'Dove, little brown', 'Simonette', 'Fiveclub', 537, 12772, 'noimage.png', 'volutpat eleifend donec ut dolor morbi vel lectus in quam fringilla rhoncus mauris enim leo', '판매중', '2021-07-18 00:00:00', '2021-09-23 00:00:00'),
	(237, '259893477-6', '소설', 'Fox, north american red', 'Jordan', 'Zoomdog', 646, 23304, 'noimage.png', 'magnis dis parturient montes nascetur ridiculus mus etiam vel augue vestibulum', '판매중', '2020-10-05 00:00:00', '2021-09-23 00:00:00'),
	(238, '122096104-3', '경제', 'Opossum, american virginia', 'Dannie', 'Pixonyx', 868, 5658, 'noimage.png', 'ultrices vel augue vestibulum ante ipsum primis in faucibus orci luctus et ultrices posuere cubilia curae donec', '판매중', '2021-03-02 00:00:00', '2021-09-23 00:00:00'),
	(239, '640294417-3', '소설', 'Common boubou shrike', 'Marissa', 'Zoombeat', 428, 7709, 'noimage.png', 'ultrices erat tortor sollicitudin mi sit amet lobortis sapien sapien non mi integer ac neque', '품절', '2021-03-19 00:00:00', '2021-09-23 00:00:00'),
	(240, '131598795-3', '외국어', 'Desert kangaroo rat', 'Loria', 'Thoughtstorm', 133, 8064, 'noimage.png', 'tellus nulla ut erat id mauris vulputate elementum nullam varius nulla facilisi cras non', '판매중', '2020-11-09 00:00:00', '2021-09-23 00:00:00'),
	(241, '851973837-0', '여행', 'Seal, northern fur', 'Kerry', 'Camimbo', 899, 13625, 'noimage.png', 'scelerisque quam turpis adipiscing lorem vitae mattis nibh ligula nec sem duis aliquam convallis nunc proin at', '품절', '2021-02-10 00:00:00', '2021-09-23 00:00:00'),
	(242, '793444006-5', '소설', 'Kite, black', 'Bron', 'Myworks', 896, 6407, 'noimage.png', 'cubilia curae mauris viverra diam vitae quam suspendisse potenti nullam porttitor lacus at turpis donec', '판매중', '2021-05-25 00:00:00', '2021-09-23 00:00:00'),
	(243, '387092507-8', '외국어', 'Jackal, silver-backed', 'Hurlee', 'Livepath', 443, 18273, 'noimage.png', 'egestas metus aenean fermentum donec ut mauris eget massa tempor convallis nulla neque libero convallis eget eleifend luctus', '구편절판', '2020-09-27 00:00:00', '2021-09-23 00:00:00'),
	(244, '065950870-2', '경제', 'Cattle egret', 'Virginia', 'Roodel', 900, 5971, 'noimage.png', 'leo maecenas pulvinar lobortis est phasellus sit amet erat nulla tempus vivamus in felis', '품절', '2021-01-16 00:00:00', '2021-09-23 00:00:00'),
	(245, '336486510-8', '여행', 'Gull, swallow-tail', 'Mark', 'Zava', 729, 24930, 'noimage.png', 'mus etiam vel augue vestibulum rutrum rutrum neque aenean auctor', '절판', '2020-12-28 00:00:00', '2021-09-23 00:00:00'),
	(246, '455713919-1', '소설', 'Starling, red-shouldered glossy', 'Rica', 'Rhyloo', 146, 23598, 'noimage.png', 'augue vestibulum ante ipsum primis in faucibus orci luctus et', '구편절판', '2020-12-03 00:00:00', '2021-09-23 00:00:00'),
	(247, '963380845-6', '만화', 'Eagle, tawny', 'Lebbie', 'Browsecat', 120, 12719, 'noimage.png', 'habitasse platea dictumst aliquam augue quam sollicitudin vitae consectetuer eget rutrum at lorem integer tincidunt ante vel ipsum praesent', '절판', '2021-09-10 00:00:00', '2021-09-23 00:00:00'),
	(248, '475296591-7', '경제', 'Ferruginous hawk', 'Gennie', 'Agivu', 831, 17357, 'noimage.png', 'potenti in eleifend quam a odio in hac habitasse platea dictumst maecenas ut massa quis augue luctus tincidunt', '구편절판', '2021-02-08 00:00:00', '2021-09-23 00:00:00'),
	(249, '084852568-X', '컴퓨터', 'Nyala', 'Faythe', 'Ozu', 756, 8282, 'noimage.png', 'morbi odio odio elementum eu interdum eu tincidunt in leo maecenas', '판매중', '2021-04-29 00:00:00', '2021-09-23 00:00:00'),
	(250, '022374419-0', '만화', 'Gecko (unidentified)', 'Ardra', 'Wikivu', 200, 25438, 'noimage.png', 'metus vitae ipsum aliquam non mauris morbi non lectus aliquam sit amet diam in', '절판', '2020-09-25 00:00:00', '2021-09-23 00:00:00'),
	(251, '045606595-4', '외국어', 'Lourie, grey', 'Chaddy', 'Oodoo', 608, 7566, 'noimage.png', 'mauris lacinia sapien quis libero nullam sit amet turpis elementum ligula vehicula consequat morbi a ipsum', '판매중', '2020-10-19 00:00:00', '2021-09-23 00:00:00'),
	(252, '212574637-9', '여행', 'Shark, blue', 'Welbie', 'Skidoo', 596, 8787, 'noimage.png', 'nisl aenean lectus pellentesque eget nunc donec quis orci eget orci vehicula condimentum curabitur in', '판매중', '2021-07-14 00:00:00', '2021-09-23 00:00:00'),
	(253, '553752437-6', '경제', 'Egret, great', 'Arny', 'Blognation', 576, 28348, 'noimage.png', 'ultrices posuere cubilia curae donec pharetra magna vestibulum aliquet ultrices erat tortor sollicitudin mi sit amet lobortis', '구편절판', '2021-03-30 00:00:00', '2021-09-23 00:00:00'),
	(254, '349133063-7', '외국어', 'Brush-tailed rat kangaroo', 'Adolpho', 'Roombo', 792, 12969, 'noimage.png', 'erat tortor sollicitudin mi sit amet lobortis sapien sapien non mi', '품절', '2021-06-20 00:00:00', '2021-09-23 00:00:00'),
	(255, '317869224-X', '여행', 'Eastern white pelican', 'Matthieu', 'Wikizz', 331, 26395, 'noimage.png', 'convallis nulla neque libero convallis eget eleifend luctus ultricies eu nibh quisque id justo', '품절', '2021-08-10 00:00:00', '2021-09-23 00:00:00'),
	(256, '842503736-0', '컴퓨터', 'Cereopsis goose', 'Cherilynn', 'Ailane', 486, 12485, 'noimage.png', 'erat nulla tempus vivamus in felis eu sapien cursus vestibulum proin', '품절', '2020-10-18 00:00:00', '2021-09-23 00:00:00'),
	(257, '601836466-2', '외국어', 'Giant girdled lizard', 'Nani', 'Voonyx', 468, 20168, 'noimage.png', 'pede lobortis ligula sit amet eleifend pede libero quis orci nullam molestie nibh in', '품절', '2021-09-08 00:00:00', '2021-09-23 00:00:00'),
	(258, '044868531-0', '만화', 'Burchell\'s gonolek', 'Betsey', 'Zoozzy', 994, 8045, 'noimage.png', 'facilisi cras non velit nec nisi vulputate nonummy maecenas tincidunt', '품절', '2021-02-01 00:00:00', '2021-09-23 00:00:00'),
	(259, '777564460-5', '컴퓨터', 'Sifaka, verreaux\'s', 'Wake', 'Bluejam', 791, 10295, 'noimage.png', 'purus sit amet nulla quisque arcu libero rutrum ac lobortis vel dapibus at diam nam tristique tortor eu pede', '품절', '2021-03-17 00:00:00', '2021-09-23 00:00:00'),
	(260, '203406864-5', '컴퓨터', 'Bee-eater, nubian', 'Gizela', 'Photobean', 757, 19949, 'noimage.png', 'felis fusce posuere felis sed lacus morbi sem mauris laoreet ut rhoncus aliquet pulvinar sed nisl nunc', '품절', '2021-09-17 00:00:00', '2021-09-23 00:00:00'),
	(261, '649540366-6', '소설', 'Honey badger', 'Craggie', 'Edgeclub', 926, 17792, 'noimage.png', 'justo eu massa donec dapibus duis at velit eu est congue elementum in hac habitasse platea dictumst morbi', '판매중', '2020-12-27 00:00:00', '2021-09-23 00:00:00'),
	(262, '978968994-2', '여행', 'Kafue flats lechwe', 'Lockwood', 'Fliptune', 330, 8827, 'noimage.png', 'ut odio cras mi pede malesuada in imperdiet et commodo vulputate justo in blandit ultrices enim lorem ipsum dolor sit', '구편절판', '2021-07-23 00:00:00', '2021-09-23 00:00:00'),
	(263, '236354606-7', '만화', 'African pied wagtail', 'Nelie', 'Photobug', 261, 25898, 'noimage.png', 'feugiat et eros vestibulum ac est lacinia nisi venenatis tristique fusce congue diam id ornare imperdiet sapien urna pretium', '판매중', '2020-10-08 00:00:00', '2021-09-23 00:00:00'),
	(264, '177334103-0', '소설', 'Heron, green', 'Ara', 'Meevee', 603, 16234, 'noimage.png', 'a pede posuere nonummy integer non velit donec diam neque vestibulum', '절판', '2020-10-10 00:00:00', '2021-09-23 00:00:00'),
	(265, '284427498-6', '외국어', 'Lemur, brown', 'Valentine', 'Rhybox', 133, 26156, 'noimage.png', 'eu felis fusce posuere felis sed lacus morbi sem mauris laoreet', '품절', '2021-05-19 00:00:00', '2021-09-23 00:00:00'),
	(266, '978497748-6', '외국어', 'Raven, white-necked', 'Devi', 'Brainlounge', 876, 10404, 'noimage.png', 'mus etiam vel augue vestibulum rutrum rutrum neque aenean auctor gravida sem praesent id massa id nisl venenatis lacinia aenean', '구편절판', '2020-11-09 00:00:00', '2021-09-23 00:00:00'),
	(267, '490166836-6', '컴퓨터', 'Moccasin, water', 'Delmor', 'Lazzy', 587, 29300, 'noimage.png', 'primis in faucibus orci luctus et ultrices posuere cubilia curae', '구편절판', '2021-08-15 00:00:00', '2021-09-23 00:00:00'),
	(268, '977883024-X', '외국어', 'American bighorn sheep', 'Emmie', 'Buzzster', 690, 18417, 'noimage.png', 'nunc nisl duis bibendum felis sed interdum venenatis turpis enim blandit mi in porttitor pede justo eu massa donec', '절판', '2021-08-08 00:00:00', '2021-09-23 00:00:00'),
	(269, '689490312-3', '외국어', 'Tortoise, burmese black mountain', 'Finlay', 'Oyoba', 167, 7254, 'noimage.png', 'porttitor lacus at turpis donec posuere metus vitae ipsum aliquam non mauris', '판매중', '2021-09-04 00:00:00', '2021-09-23 00:00:00'),
	(270, '784395456-2', '외국어', 'Stork, yellow-billed', 'Karlene', 'Topicware', 311, 29361, 'noimage.png', 'in blandit ultrices enim lorem ipsum dolor sit amet consectetuer adipiscing', '절판', '2021-08-02 00:00:00', '2021-09-23 00:00:00'),
	(271, '043001976-9', '소설', 'Scaly-breasted lorikeet', 'Marjie', 'Jaxbean', 904, 19791, 'noimage.png', 'sapien ut nunc vestibulum ante ipsum primis in faucibus orci luctus et', '구편절판', '2021-09-04 00:00:00', '2021-09-23 00:00:00'),
	(272, '669062621-0', '여행', 'Tyrant flycatcher', 'Arvy', 'Topdrive', 674, 24226, 'noimage.png', 'ridiculus mus vivamus vestibulum sagittis sapien cum sociis natoque penatibus et magnis', '구편절판', '2021-05-29 00:00:00', '2021-09-23 00:00:00'),
	(273, '690713590-6', '경제', 'Badger, eurasian', 'Jennette', 'Zoombox', 971, 18620, 'noimage.png', 'luctus et ultrices posuere cubilia curae nulla dapibus dolor vel', '품절', '2021-07-13 00:00:00', '2021-09-23 00:00:00'),
	(274, '796502284-2', '외국어', 'Hippopotamus', 'Hamish', 'Kwimbee', 915, 13333, 'noimage.png', 'nulla suspendisse potenti cras in purus eu magna vulputate luctus cum sociis natoque penatibus et magnis', '구편절판', '2021-07-02 00:00:00', '2021-09-23 00:00:00'),
	(275, '738019145-4', '만화', 'Pig-tailed macaque', 'Nicolais', 'Livepath', 635, 23028, 'noimage.png', 'eget rutrum at lorem integer tincidunt ante vel ipsum praesent blandit lacinia erat vestibulum', '절판', '2021-03-23 00:00:00', '2021-09-23 00:00:00'),
	(276, '318386735-4', '컴퓨터', 'Seal, common', 'Gery', 'Jetwire', 680, 19996, 'noimage.png', 'nam ultrices libero non mattis pulvinar nulla pede ullamcorper augue', '절판', '2021-04-14 00:00:00', '2021-09-23 00:00:00'),
	(277, '886973114-6', '만화', 'Old world fruit bat (unidentified)', 'Lamont', 'Oyonder', 867, 26146, 'noimage.png', 'non interdum in ante vestibulum ante ipsum primis in faucibus orci luctus et ultrices posuere', '판매중', '2021-06-21 00:00:00', '2021-09-23 00:00:00'),
	(278, '210893110-4', '외국어', 'Red meerkat', 'Joe', 'Skilith', 580, 6001, 'noimage.png', 'non velit nec nisi vulputate nonummy maecenas tincidunt lacus at velit vivamus vel nulla eget eros elementum pellentesque quisque porta', '품절', '2021-06-28 00:00:00', '2021-09-23 00:00:00'),
	(279, '309298764-0', '외국어', 'Fringe-eared oryx', 'Currey', 'Fivespan', 128, 28892, 'noimage.png', 'aliquet ultrices erat tortor sollicitudin mi sit amet lobortis sapien sapien', '절판', '2021-08-06 00:00:00', '2021-09-23 00:00:00'),
	(280, '670675555-9', '경제', 'Squirrel, thirteen-lined', 'Idette', 'Gabcube', 571, 26307, 'noimage.png', 'dis parturient montes nascetur ridiculus mus etiam vel augue vestibulum rutrum rutrum neque aenean auctor gravida sem praesent id', '품절', '2021-06-02 00:00:00', '2021-09-23 00:00:00'),
	(281, '426955294-8', '컴퓨터', 'Bohor reedbuck', 'Coralie', 'Voonyx', 751, 18112, 'noimage.png', 'placerat ante nulla justo aliquam quis turpis eget elit sodales scelerisque mauris sit', '판매중', '2021-03-30 00:00:00', '2021-09-23 00:00:00'),
	(282, '317129866-X', '여행', 'Owl, burrowing', 'Gloriana', 'Chatterpoint', 314, 28736, 'noimage.png', 'massa tempor convallis nulla neque libero convallis eget eleifend luctus ultricies eu nibh quisque id justo sit', '절판', '2021-01-10 00:00:00', '2021-09-23 00:00:00'),
	(283, '002598590-6', '경제', 'Russian dragonfly', 'Caryl', 'Plambee', 671, 22999, 'noimage.png', 'amet eros suspendisse accumsan tortor quis turpis sed ante vivamus tortor duis mattis egestas metus aenean fermentum donec ut', '절판', '2021-08-19 00:00:00', '2021-09-23 00:00:00'),
	(284, '470420968-7', '컴퓨터', 'Skua, great', 'Aksel', 'Twitternation', 261, 23007, 'noimage.png', 'elit proin risus praesent lectus vestibulum quam sapien varius ut blandit non interdum in ante', '판매중', '2021-03-23 00:00:00', '2021-09-23 00:00:00'),
	(285, '170784550-6', '외국어', 'Barasingha deer', 'Alard', 'Photobug', 313, 26735, 'noimage.png', 'cum sociis natoque penatibus et magnis dis parturient montes nascetur ridiculus mus vivamus vestibulum sagittis', '품절', '2021-06-27 00:00:00', '2021-09-23 00:00:00'),
	(286, '139574293-6', '소설', 'Indian red admiral', 'Aeriel', 'Jabbertype', 262, 15473, 'noimage.png', 'sapien ut nunc vestibulum ante ipsum primis in faucibus orci luctus et ultrices posuere cubilia curae mauris viverra diam', '절판', '2021-01-04 00:00:00', '2021-09-23 00:00:00'),
	(287, '797812368-5', '경제', 'Numbat', 'Hadlee', 'Thoughtsphere', 305, 26704, 'noimage.png', 'felis eu sapien cursus vestibulum proin eu mi nulla ac enim in tempor', '구편절판', '2020-10-29 00:00:00', '2021-09-23 00:00:00'),
	(288, '755950299-7', '여행', 'Kookaburra, laughing', 'Jocelyne', 'Zoozzy', 131, 18224, 'noimage.png', 'ultrices posuere cubilia curae donec pharetra magna vestibulum aliquet ultrices erat tortor sollicitudin mi sit amet lobortis sapien sapien', '구편절판', '2020-11-01 00:00:00', '2021-09-23 00:00:00'),
	(289, '390820717-7', '외국어', 'Cottonmouth', 'Ariadne', 'Quamba', 293, 19776, 'noimage.png', 'quis tortor id nulla ultrices aliquet maecenas leo odio condimentum', '판매중', '2021-06-09 00:00:00', '2021-09-23 00:00:00'),
	(290, '470034691-4', '컴퓨터', 'Madagascar fruit bat', 'Alys', 'Twitterwire', 583, 22475, 'noimage.png', 'convallis nunc proin at turpis a pede posuere nonummy integer non velit donec diam neque vestibulum eget vulputate', '품절', '2020-10-04 00:00:00', '2021-09-23 00:00:00'),
	(291, '025406774-3', '컴퓨터', 'Python, carpet', 'Gabbi', 'Gevee', 539, 21821, 'noimage.png', 'in felis donec semper sapien a libero nam dui proin leo odio porttitor id consequat in', '판매중', '2021-09-01 00:00:00', '2021-09-23 00:00:00'),
	(292, '621036423-3', '소설', 'Macaque, pig-tailed', 'Merrill', 'Eare', 546, 19668, 'noimage.png', 'vestibulum vestibulum ante ipsum primis in faucibus orci luctus et ultrices posuere cubilia curae nulla dapibus dolor', '절판', '2021-08-17 00:00:00', '2021-09-23 00:00:00'),
	(293, '833176571-0', '컴퓨터', 'Javanese cormorant', 'Say', 'Flipbug', 351, 24872, 'noimage.png', 'vivamus tortor duis mattis egestas metus aenean fermentum donec ut mauris eget massa tempor convallis nulla neque libero convallis eget', '품절', '2021-03-25 00:00:00', '2021-09-23 00:00:00'),
	(294, '333162617-1', '만화', 'African jacana', 'Merline', 'Brainlounge', 556, 11347, 'noimage.png', 'donec quis orci eget orci vehicula condimentum curabitur in libero ut massa volutpat convallis morbi odio odio elementum', '절판', '2020-12-25 00:00:00', '2021-09-23 00:00:00'),
	(295, '821839257-2', '만화', 'Sulfur-crested cockatoo', 'Lorin', 'Jaxbean', 830, 21125, 'noimage.png', 'augue aliquam erat volutpat in congue etiam justo etiam pretium iaculis justo in hac', '구편절판', '2021-04-02 00:00:00', '2021-09-23 00:00:00'),
	(296, '559545670-1', '외국어', 'Royal tern', 'Malina', 'Blogtag', 838, 14014, 'noimage.png', 'ipsum primis in faucibus orci luctus et ultrices posuere cubilia curae donec', '구편절판', '2020-10-08 00:00:00', '2021-09-23 00:00:00'),
	(297, '117798761-9', '만화', 'White spoonbill', 'Patric', 'Roomm', 404, 15944, 'noimage.png', 'mauris vulputate elementum nullam varius nulla facilisi cras non velit nec nisi vulputate', '절판', '2021-02-05 00:00:00', '2021-09-23 00:00:00'),
	(298, '806227891-3', '경제', 'Ass, asiatic wild', 'Anselma', 'Yodo', 133, 25663, 'noimage.png', 'at feugiat non pretium quis lectus suspendisse potenti in eleifend quam a odio in hac habitasse platea dictumst', '판매중', '2021-03-06 00:00:00', '2021-09-23 00:00:00'),
	(299, '361658673-9', '컴퓨터', 'Heron, goliath', 'Hailee', 'Snaptags', 878, 26674, 'noimage.png', 'fringilla rhoncus mauris enim leo rhoncus sed vestibulum sit amet cursus id turpis integer aliquet massa id lobortis convallis', '품절', '2021-04-12 00:00:00', '2021-09-23 00:00:00'),
	(300, '366965054-7', '소설', 'Tenrec, tailless', 'Robina', 'Linkbridge', 351, 15992, 'noimage.png', 'ridiculus mus vivamus vestibulum sagittis sapien cum sociis natoque penatibus et magnis', '구편절판', '2020-10-10 00:00:00', '2021-09-23 00:00:00'),
	(301, '203034296-3', '여행', 'Common seal', 'Cirilo', 'Cogilith', 175, 19016, 'noimage.png', 'tristique fusce congue diam id ornare imperdiet sapien urna pretium nisl ut volutpat sapien arcu sed augue aliquam erat volutpat', '판매중', '2021-09-06 00:00:00', '2021-09-23 00:00:00'),
	(302, '131695197-9', '소설', 'Kalahari scrub robin', 'Reggie', 'Edgewire', 356, 21772, 'noimage.png', 'faucibus orci luctus et ultrices posuere cubilia curae donec pharetra magna vestibulum aliquet ultrices', '판매중', '2021-01-13 00:00:00', '2021-09-23 00:00:00'),
	(303, '877809918-8', '경제', 'Monitor, white-throated', 'Ulrikaumeko', 'Viva', 117, 12923, 'noimage.png', 'lobortis sapien sapien non mi integer ac neque duis bibendum morbi non quam', '판매중', '2021-07-27 00:00:00', '2021-09-23 00:00:00'),
	(304, '093827137-7', '경제', 'Masked booby', 'Fionnula', 'Edgeclub', 616, 6196, 'noimage.png', 'parturient montes nascetur ridiculus mus etiam vel augue vestibulum rutrum rutrum neque aenean auctor gravida', '절판', '2021-06-09 00:00:00', '2021-09-23 00:00:00'),
	(305, '160530919-2', '컴퓨터', 'Cat, toddy', 'Salomon', 'Zoonder', 345, 28929, 'noimage.png', 'ligula sit amet eleifend pede libero quis orci nullam molestie nibh in lectus pellentesque at nulla suspendisse potenti', '절판', '2020-10-31 00:00:00', '2021-09-23 00:00:00'),
	(306, '488241185-7', '여행', 'Grey lourie', 'Zuzana', 'Twitterbeat', 816, 22885, 'noimage.png', 'sit amet diam in magna bibendum imperdiet nullam orci pede venenatis non sodales sed tincidunt eu felis', '절판', '2021-06-23 00:00:00', '2021-09-23 00:00:00'),
	(307, '514044612-X', '외국어', 'Kingfisher, white-throated', 'Toby', 'Linktype', 118, 13643, 'noimage.png', 'porttitor lacus at turpis donec posuere metus vitae ipsum aliquam non', '판매중', '2021-04-19 00:00:00', '2021-09-23 00:00:00'),
	(308, '736027378-1', '만화', 'Lion, california sea', 'Terrence', 'Yombu', 180, 29865, 'noimage.png', 'dolor sit amet consectetuer adipiscing elit proin interdum mauris non ligula pellentesque ultrices', '품절', '2021-01-07 00:00:00', '2021-09-23 00:00:00'),
	(309, '328055071-8', '경제', 'Collared lemming', 'Valentine', 'Trunyx', 561, 7072, 'noimage.png', 'blandit lacinia erat vestibulum sed magna at nunc commodo placerat praesent blandit nam nulla integer', '절판', '2021-07-25 00:00:00', '2021-09-23 00:00:00'),
	(310, '014315472-9', '만화', 'Otter, african clawless', 'Davita', 'Divape', 989, 12520, 'noimage.png', 'pede justo eu massa donec dapibus duis at velit eu est congue elementum in hac habitasse platea', '판매중', '2021-05-29 00:00:00', '2021-09-23 00:00:00'),
	(311, '989025727-0', '컴퓨터', 'Flamingo, lesser', 'Olwen', 'Photobug', 945, 7639, 'noimage.png', 'habitasse platea dictumst maecenas ut massa quis augue luctus tincidunt nulla mollis molestie lorem quisque', '구편절판', '2021-06-03 00:00:00', '2021-09-23 00:00:00'),
	(312, '172318245-1', '만화', 'Peacock, blue', 'Herbie', 'Feedfire', 330, 17939, 'noimage.png', 'semper rutrum nulla nunc purus phasellus in felis donec semper sapien a libero nam dui', '판매중', '2020-12-01 00:00:00', '2021-09-23 00:00:00'),
	(313, '638728888-6', '외국어', 'Springhare', 'Zelig', 'Gabtype', 684, 14130, 'noimage.png', 'mauris sit amet eros suspendisse accumsan tortor quis turpis sed ante vivamus tortor duis mattis egestas metus', '품절', '2021-09-18 00:00:00', '2021-09-23 00:00:00'),
	(314, '350737090-5', '만화', 'Monitor, water', 'Virgie', 'Thoughtstorm', 711, 21248, 'noimage.png', 'leo pellentesque ultrices mattis odio donec vitae nisi nam ultrices libero non mattis pulvinar nulla pede ullamcorper', '품절', '2021-03-20 00:00:00', '2021-09-23 00:00:00'),
	(315, '790146992-7', '경제', 'Reedbuck, bohor', 'Brent', 'Babbleset', 941, 27464, 'noimage.png', 'orci luctus et ultrices posuere cubilia curae donec pharetra magna vestibulum aliquet ultrices', '판매중', '2021-07-22 00:00:00', '2021-09-23 00:00:00'),
	(316, '936527329-3', '컴퓨터', 'Dingo', 'Ralph', 'Dabfeed', 529, 24318, 'noimage.png', 'amet erat nulla tempus vivamus in felis eu sapien cursus vestibulum proin eu mi nulla', '절판', '2020-11-16 00:00:00', '2021-09-23 00:00:00'),
	(317, '788096475-4', '여행', 'Gray rhea', 'Mahalia', 'Geba', 361, 9387, 'noimage.png', 'id nisl venenatis lacinia aenean sit amet justo morbi ut odio cras mi pede malesuada in imperdiet et commodo vulputate', '품절', '2020-10-24 00:00:00', '2021-09-23 00:00:00'),
	(318, '176506221-7', '경제', 'Civet, small-toothed palm', 'Arliene', 'Gabvine', 170, 17319, 'noimage.png', 'at feugiat non pretium quis lectus suspendisse potenti in eleifend quam a odio in hac habitasse platea', '품절', '2021-06-09 00:00:00', '2021-09-23 00:00:00'),
	(319, '709583967-0', '컴퓨터', 'Carmine bee-eater', 'Burnaby', 'Browseblab', 465, 7290, 'noimage.png', 'volutpat in congue etiam justo etiam pretium iaculis justo in hac habitasse platea dictumst etiam faucibus cursus urna ut tellus', '절판', '2021-07-02 00:00:00', '2021-09-23 00:00:00'),
	(320, '068483638-6', '컴퓨터', 'Black-tailed deer', 'Diane', 'Cogilith', 223, 14222, 'noimage.png', 'integer tincidunt ante vel ipsum praesent blandit lacinia erat vestibulum sed magna', '품절', '2021-06-22 00:00:00', '2021-09-23 00:00:00'),
	(321, '460149796-5', '컴퓨터', 'Nelson ground squirrel', 'Yasmeen', 'Dablist', 210, 28646, 'noimage.png', 'nulla sed vel enim sit amet nunc viverra dapibus nulla suscipit ligula in lacus curabitur at ipsum ac tellus', '판매중', '2021-07-22 00:00:00', '2021-09-23 00:00:00'),
	(322, '417964016-3', '소설', 'Egyptian cobra', 'Valdemar', 'Wikizz', 760, 17257, 'noimage.png', 'quam pede lobortis ligula sit amet eleifend pede libero quis orci nullam molestie', '절판', '2021-02-03 00:00:00', '2021-09-23 00:00:00'),
	(323, '601727003-6', '외국어', 'Arctic fox', 'Rahel', 'Tagfeed', 357, 19627, 'noimage.png', 'id consequat in consequat ut nulla sed accumsan felis ut at dolor quis odio consequat varius', '판매중', '2021-07-04 00:00:00', '2021-09-23 00:00:00'),
	(324, '198097379-2', '여행', 'Violet-crested turaco', 'Leonidas', 'Jayo', 697, 13494, 'noimage.png', 'sapien ut nunc vestibulum ante ipsum primis in faucibus orci luctus et ultrices posuere cubilia curae mauris viverra diam', '판매중', '2021-04-02 00:00:00', '2021-09-23 00:00:00'),
	(325, '717905731-2', '소설', 'Osprey', 'Kimberli', 'Dabjam', 590, 25158, 'noimage.png', 'non quam nec dui luctus rutrum nulla tellus in sagittis dui vel nisl duis ac nibh fusce lacus purus', '절판', '2021-07-02 00:00:00', '2021-09-23 00:00:00'),
	(326, '588916555-0', '여행', 'Squirrel, malabar', 'Sayre', 'Katz', 398, 12390, 'noimage.png', 'in congue etiam justo etiam pretium iaculis justo in hac habitasse platea dictumst etiam faucibus cursus urna ut tellus nulla', '판매중', '2021-05-01 00:00:00', '2021-09-23 00:00:00'),
	(327, '149324322-5', '외국어', 'Dolphin, striped', 'Javier', 'Mita', 407, 14270, 'noimage.png', 'donec vitae nisi nam ultrices libero non mattis pulvinar nulla pede', '구편절판', '2021-09-12 00:00:00', '2021-09-23 00:00:00'),
	(328, '287801382-4', '여행', 'Savannah deer (unidentified)', 'Hally', 'Rhynyx', 817, 27670, 'noimage.png', 'gravida sem praesent id massa id nisl venenatis lacinia aenean sit amet justo morbi ut odio', '품절', '2020-10-08 00:00:00', '2021-09-23 00:00:00'),
	(329, '165491373-1', '소설', 'Musk ox', 'Elmer', 'Abata', 729, 24054, 'noimage.png', 'lacus morbi quis tortor id nulla ultrices aliquet maecenas leo', '절판', '2021-01-30 00:00:00', '2021-09-23 00:00:00'),
	(330, '413428265-9', '만화', 'Huron', 'Leticia', 'Browsezoom', 710, 28344, 'noimage.png', 'neque sapien placerat ante nulla justo aliquam quis turpis eget elit sodales', '품절', '2021-02-04 00:00:00', '2021-09-23 00:00:00'),
	(331, '425367170-5', '여행', 'Red brocket', 'Errick', 'Topiclounge', 704, 17291, 'noimage.png', 'ligula in lacus curabitur at ipsum ac tellus semper interdum mauris', '품절', '2021-07-06 00:00:00', '2021-09-23 00:00:00'),
	(332, '937905590-0', '소설', 'White spoonbill', 'Rori', 'Zoonder', 519, 23686, 'noimage.png', 'semper interdum mauris ullamcorper purus sit amet nulla quisque arcu libero rutrum ac lobortis vel dapibus', '절판', '2021-06-22 00:00:00', '2021-09-23 00:00:00'),
	(333, '134826312-1', '소설', 'Arctic lemming', 'Mord', 'Zoomcast', 720, 22013, 'noimage.png', 'augue vestibulum rutrum rutrum neque aenean auctor gravida sem praesent id massa', '절판', '2020-11-18 00:00:00', '2021-09-23 00:00:00'),
	(334, '294693998-7', '경제', 'Ringtail, common', 'Timmy', 'Mybuzz', 457, 9326, 'noimage.png', 'est donec odio justo sollicitudin ut suscipit a feugiat et eros vestibulum ac est lacinia nisi', '절판', '2020-10-24 00:00:00', '2021-09-23 00:00:00'),
	(335, '183964398-6', '경제', 'Olive baboon', 'Delmar', 'Pixope', 810, 5921, 'noimage.png', 'metus sapien ut nunc vestibulum ante ipsum primis in faucibus orci luctus et', '판매중', '2021-08-03 00:00:00', '2021-09-23 00:00:00'),
	(336, '719884866-4', '만화', 'Cape clawless otter', 'Corrianne', 'Dynabox', 561, 16339, 'noimage.png', 'luctus tincidunt nulla mollis molestie lorem quisque ut erat curabitur gravida nisi at nibh in hac', '품절', '2020-10-23 00:00:00', '2021-09-23 00:00:00'),
	(337, '433974067-5', '만화', 'Crake, african black', 'Roseanna', 'Blogtag', 334, 11241, 'noimage.png', 'id justo sit amet sapien dignissim vestibulum vestibulum ante ipsum primis in faucibus orci luctus et ultrices', '품절', '2021-01-13 00:00:00', '2021-09-23 00:00:00'),
	(338, '782202996-7', '여행', 'Crane, stanley', 'Codie', 'Topiczoom', 632, 20159, 'noimage.png', 'sed vel enim sit amet nunc viverra dapibus nulla suscipit ligula in lacus curabitur at', '품절', '2021-08-04 00:00:00', '2021-09-23 00:00:00'),
	(339, '586394456-0', '소설', 'Goose, cape barren', 'Anthe', 'Twitterworks', 374, 29130, 'noimage.png', 'dapibus nulla suscipit ligula in lacus curabitur at ipsum ac tellus semper', '구편절판', '2021-08-19 00:00:00', '2021-09-23 00:00:00'),
	(340, '300499856-4', '경제', 'Rat, white-faced tree', 'Lark', 'Devcast', 732, 13826, 'noimage.png', 'vel nulla eget eros elementum pellentesque quisque porta volutpat erat quisque erat eros viverra eget congue eget semper rutrum', '절판', '2020-10-14 00:00:00', '2021-09-23 00:00:00'),
	(341, '127950225-8', '만화', 'Stork, yellow-billed', 'Nealy', 'Innojam', 169, 20191, 'noimage.png', 'interdum venenatis turpis enim blandit mi in porttitor pede justo eu massa donec dapibus duis at velit', '품절', '2021-05-05 00:00:00', '2021-09-23 00:00:00'),
	(342, '300834233-7', '외국어', 'Argalis', 'Torry', 'Skipfire', 666, 25306, 'noimage.png', 'praesent lectus vestibulum quam sapien varius ut blandit non interdum in ante vestibulum ante ipsum primis in faucibus orci luctus', '판매중', '2021-07-29 00:00:00', '2021-09-23 00:00:00'),
	(343, '933804764-4', '여행', 'Gnu, brindled', 'Jacklyn', 'Quinu', 304, 9954, 'noimage.png', 'consectetuer adipiscing elit proin risus praesent lectus vestibulum quam sapien varius ut blandit non interdum in', '절판', '2021-08-12 00:00:00', '2021-09-23 00:00:00'),
	(344, '335697507-2', '외국어', 'Desert tortoise', 'Marleah', 'Skibox', 371, 24623, 'noimage.png', 'tempor turpis nec euismod scelerisque quam turpis adipiscing lorem vitae mattis nibh ligula nec sem', '품절', '2021-02-02 00:00:00', '2021-09-23 00:00:00'),
	(345, '541043437-4', '만화', 'Two-toed sloth', 'Farlay', 'Mudo', 512, 17894, 'noimage.png', 'lobortis ligula sit amet eleifend pede libero quis orci nullam molestie nibh in', '구편절판', '2021-08-24 00:00:00', '2021-09-23 00:00:00'),
	(346, '463649032-0', '외국어', 'Penguin, magellanic', 'Melisande', 'Shufflebeat', 992, 10831, 'noimage.png', 'faucibus orci luctus et ultrices posuere cubilia curae mauris viverra diam vitae', '품절', '2020-09-29 00:00:00', '2021-09-23 00:00:00'),
	(347, '158230912-4', '컴퓨터', 'Hartebeest, red', 'Kinsley', 'Katz', 290, 28249, 'noimage.png', 'sed sagittis nam congue risus semper porta volutpat quam pede lobortis ligula sit amet eleifend pede libero', '구편절판', '2021-04-19 00:00:00', '2021-09-23 00:00:00'),
	(348, '280518263-4', '소설', 'Greater flamingo', 'Maighdiln', 'Divavu', 503, 23398, 'noimage.png', 'orci pede venenatis non sodales sed tincidunt eu felis fusce posuere felis sed lacus morbi sem', '절판', '2020-12-23 00:00:00', '2021-09-23 00:00:00'),
	(349, '225627381-4', '여행', 'Rose-ringed parakeet', 'Clem', 'Twiyo', 883, 20052, 'noimage.png', 'ut erat id mauris vulputate elementum nullam varius nulla facilisi cras non velit nec', '품절', '2021-08-21 00:00:00', '2021-09-23 00:00:00'),
	(350, '074288771-5', '외국어', 'Dog, african wild', 'Tressa', 'Zoovu', 958, 14544, 'noimage.png', 'consequat dui nec nisi volutpat eleifend donec ut dolor morbi vel lectus', '품절', '2020-11-19 00:00:00', '2021-09-23 00:00:00'),
	(351, '023307421-X', '외국어', 'Collared lemming', 'Devlen', 'Riffpath', 116, 28330, 'noimage.png', 'interdum venenatis turpis enim blandit mi in porttitor pede justo eu massa donec dapibus duis at velit', '절판', '2020-12-22 00:00:00', '2021-09-23 00:00:00'),
	(352, '159060313-3', '만화', 'Siskin, yellow-rumped', 'Maurits', 'Browsedrive', 784, 8633, 'noimage.png', 'non mattis pulvinar nulla pede ullamcorper augue a suscipit nulla elit ac nulla sed vel enim', '절판', '2020-11-15 00:00:00', '2021-09-23 00:00:00'),
	(353, '314775132-5', '외국어', 'River wallaby', 'Roi', 'Gevee', 522, 22480, 'noimage.png', 'vestibulum rutrum rutrum neque aenean auctor gravida sem praesent id', '구편절판', '2021-06-01 00:00:00', '2021-09-23 00:00:00'),
	(354, '654043873-7', '경제', 'Gray langur', 'Adi', 'Wikibox', 462, 26840, 'noimage.png', 'orci vehicula condimentum curabitur in libero ut massa volutpat convallis morbi odio odio elementum', '품절', '2021-03-12 00:00:00', '2021-09-23 00:00:00'),
	(355, '406610416-9', '컴퓨터', 'Desert spiny lizard', 'Panchito', 'Skyble', 360, 13970, 'noimage.png', 'ultrices enim lorem ipsum dolor sit amet consectetuer adipiscing elit proin interdum mauris', '판매중', '2021-06-03 00:00:00', '2021-09-23 00:00:00'),
	(356, '384909092-2', '소설', 'Greater roadrunner', 'Francyne', 'Eabox', 279, 5028, 'noimage.png', 'eget massa tempor convallis nulla neque libero convallis eget eleifend luctus ultricies eu nibh', '판매중', '2021-04-16 00:00:00', '2021-09-23 00:00:00'),
	(357, '899960884-0', '경제', 'Small Indian mongoose', 'Wylie', 'Vitz', 888, 10150, 'noimage.png', 'id justo sit amet sapien dignissim vestibulum vestibulum ante ipsum primis in faucibus orci luctus et ultrices', '구편절판', '2021-04-08 00:00:00', '2021-09-23 00:00:00'),
	(358, '994972668-9', '컴퓨터', 'Bear, sloth', 'Adams', 'Muxo', 475, 6093, 'noimage.png', 'vulputate nonummy maecenas tincidunt lacus at velit vivamus vel nulla eget eros elementum pellentesque quisque', '구편절판', '2020-12-04 00:00:00', '2021-09-23 00:00:00'),
	(359, '312268406-3', '만화', 'Turkey vulture', 'Richy', 'Zooveo', 631, 28010, 'noimage.png', 'proin interdum mauris non ligula pellentesque ultrices phasellus id sapien', '판매중', '2021-02-10 00:00:00', '2021-09-23 00:00:00'),
	(360, '233140238-8', '외국어', 'Fat-tailed dunnart', 'Albertine', 'Oyoyo', 198, 14997, 'noimage.png', 'metus arcu adipiscing molestie hendrerit at vulputate vitae nisl aenean lectus pellentesque eget nunc donec quis', '절판', '2021-01-16 00:00:00', '2021-09-23 00:00:00'),
	(361, '085708987-0', '외국어', 'Barbet, black-collared', 'Bride', 'Zoombeat', 528, 16976, 'noimage.png', 'massa quis augue luctus tincidunt nulla mollis molestie lorem quisque ut', '판매중', '2020-09-29 00:00:00', '2021-09-23 00:00:00'),
	(362, '142782635-8', '컴퓨터', 'Black-tailed deer', 'Hillie', 'Chatterpoint', 121, 19067, 'noimage.png', 'sapien dignissim vestibulum vestibulum ante ipsum primis in faucibus orci luctus et ultrices', '구편절판', '2021-01-01 00:00:00', '2021-09-23 00:00:00'),
	(363, '615926073-1', '컴퓨터', 'Tyrant flycatcher', 'Albrecht', 'Browseblab', 471, 19366, 'noimage.png', 'convallis tortor risus dapibus augue vel accumsan tellus nisi eu orci mauris lacinia', '구편절판', '2021-07-08 00:00:00', '2021-09-23 00:00:00'),
	(364, '571757473-8', '경제', 'Little brown bat', 'Amalee', 'Skinte', 415, 5189, 'noimage.png', 'ultrices posuere cubilia curae nulla dapibus dolor vel est donec', '절판', '2020-10-18 00:00:00', '2021-09-23 00:00:00'),
	(365, '064428498-6', '외국어', 'Magpie, black-backed', 'Bordie', 'Jaxbean', 436, 28497, 'noimage.png', 'vivamus tortor duis mattis egestas metus aenean fermentum donec ut mauris eget massa', '품절', '2021-07-20 00:00:00', '2021-09-23 00:00:00'),
	(366, '017113247-5', '소설', 'White-fronted capuchin', 'Ema', 'Digitube', 300, 17629, 'noimage.png', 'magnis dis parturient montes nascetur ridiculus mus vivamus vestibulum sagittis sapien cum sociis natoque penatibus et magnis dis parturient montes', '품절', '2021-02-23 00:00:00', '2021-09-23 00:00:00'),
	(367, '286347606-8', '경제', 'Common boubou shrike', 'Anallese', 'Jabberbean', 591, 5134, 'noimage.png', 'tempor convallis nulla neque libero convallis eget eleifend luctus ultricies eu', '절판', '2021-05-29 00:00:00', '2021-09-23 00:00:00'),
	(368, '324434390-2', '여행', 'Black-winged stilt', 'Beatrisa', 'Yotz', 816, 8837, 'noimage.png', 'in hac habitasse platea dictumst aliquam augue quam sollicitudin vitae consectetuer eget rutrum at', '품절', '2021-03-10 00:00:00', '2021-09-23 00:00:00'),
	(369, '724831619-9', '외국어', 'Woodpecker, red-headed', 'Wilton', 'Voolia', 144, 11902, 'noimage.png', 'ac est lacinia nisi venenatis tristique fusce congue diam id', '절판', '2020-12-30 00:00:00', '2021-09-23 00:00:00'),
	(370, '399284269-X', '경제', 'Sugar glider', 'Regine', 'Jaxworks', 521, 19598, 'noimage.png', 'non mauris morbi non lectus aliquam sit amet diam in magna bibendum imperdiet nullam orci pede venenatis non', '절판', '2021-04-20 00:00:00', '2021-09-23 00:00:00'),
	(371, '192656997-0', '컴퓨터', 'Lion, south american sea', 'Filippo', 'Cogibox', 331, 23253, 'noimage.png', 'integer tincidunt ante vel ipsum praesent blandit lacinia erat vestibulum sed magna at nunc commodo placerat praesent blandit', '품절', '2021-08-19 00:00:00', '2021-09-23 00:00:00'),
	(372, '219400518-8', '만화', 'Verreaux\'s sifaka', 'Francine', 'Gigashots', 826, 24728, 'noimage.png', 'blandit mi in porttitor pede justo eu massa donec dapibus duis', '판매중', '2021-07-17 00:00:00', '2021-09-23 00:00:00'),
	(373, '856955540-7', '소설', 'Long-finned pilot whale', 'Ava', 'Jamia', 109, 21098, 'noimage.png', 'rutrum neque aenean auctor gravida sem praesent id massa id nisl venenatis lacinia aenean sit amet justo morbi ut', '구편절판', '2020-12-23 00:00:00', '2021-09-23 00:00:00'),
	(374, '972241472-0', '소설', 'African fish eagle', 'Delia', 'Fivechat', 900, 21106, 'noimage.png', 'nulla pede ullamcorper augue a suscipit nulla elit ac nulla sed vel enim sit amet', '품절', '2021-01-10 00:00:00', '2021-09-23 00:00:00'),
	(375, '964180412-X', '경제', 'Bear, sloth', 'Ronald', 'Avavee', 260, 19716, 'noimage.png', 'curabitur convallis duis consequat dui nec nisi volutpat eleifend donec ut dolor morbi vel lectus in quam fringilla rhoncus', '구편절판', '2021-05-29 00:00:00', '2021-09-23 00:00:00'),
	(376, '265321991-3', '소설', 'Duck, blue', 'Lynnelle', 'Yotz', 597, 16218, 'noimage.png', 'aliquam sit amet diam in magna bibendum imperdiet nullam orci pede venenatis non sodales sed', '절판', '2020-11-01 00:00:00', '2021-09-23 00:00:00'),
	(377, '200327344-1', '외국어', 'Skink, blue-tongued', 'Andrei', 'Flipopia', 667, 7118, 'noimage.png', 'potenti cras in purus eu magna vulputate luctus cum sociis natoque', '절판', '2020-11-12 00:00:00', '2021-09-23 00:00:00'),
	(378, '887903116-3', '소설', 'Brown capuchin', 'Neils', 'Mynte', 886, 6792, 'noimage.png', 'ut erat curabitur gravida nisi at nibh in hac habitasse platea dictumst aliquam augue quam sollicitudin vitae consectetuer eget rutrum', '절판', '2021-06-02 00:00:00', '2021-09-23 00:00:00'),
	(379, '790920662-3', '만화', 'Mara', 'Muire', 'Devcast', 152, 7374, 'noimage.png', 'nulla eget eros elementum pellentesque quisque porta volutpat erat quisque erat eros viverra', '절판', '2020-12-14 00:00:00', '2021-09-23 00:00:00'),
	(380, '838458917-8', '경제', 'Small-clawed otter', 'Mindy', 'Zoombox', 373, 11561, 'noimage.png', 'pretium quis lectus suspendisse potenti in eleifend quam a odio in hac habitasse platea dictumst maecenas ut massa quis augue', '구편절판', '2021-04-20 00:00:00', '2021-09-23 00:00:00'),
	(381, '022475614-1', '여행', 'Sandhill crane', 'Berenice', 'Livetube', 624, 13574, 'noimage.png', 'rhoncus aliquam lacus morbi quis tortor id nulla ultrices aliquet maecenas leo odio condimentum id luctus nec molestie sed', '절판', '2021-06-26 00:00:00', '2021-09-23 00:00:00'),
	(382, '651649941-1', '컴퓨터', 'American racer', 'Chris', 'Trilia', 208, 15690, 'noimage.png', 'vulputate elementum nullam varius nulla facilisi cras non velit nec nisi', '절판', '2021-02-23 00:00:00', '2021-09-23 00:00:00'),
	(383, '163990304-6', '여행', 'Egyptian viper', 'Ralph', 'Yabox', 185, 12659, 'noimage.png', 'massa tempor convallis nulla neque libero convallis eget eleifend luctus ultricies eu nibh quisque id', '판매중', '2020-11-16 00:00:00', '2021-09-23 00:00:00'),
	(384, '587606224-3', '여행', 'Starfish, crown of thorns', 'Edwin', 'Yakijo', 477, 10416, 'noimage.png', 'turpis donec posuere metus vitae ipsum aliquam non mauris morbi', '구편절판', '2021-01-14 00:00:00', '2021-09-23 00:00:00'),
	(385, '535321674-1', '외국어', 'Sockeye salmon', 'Findlay', 'Vitz', 754, 22264, 'noimage.png', 'tempus sit amet sem fusce consequat nulla nisl nunc nisl duis bibendum felis sed interdum venenatis turpis enim', '절판', '2020-11-21 00:00:00', '2021-09-23 00:00:00'),
	(386, '459573191-4', '소설', 'Francolin, coqui', 'Donna', 'Fivebridge', 915, 7412, 'noimage.png', 'semper rutrum nulla nunc purus phasellus in felis donec semper sapien a libero nam dui proin leo odio porttitor', '절판', '2021-09-18 00:00:00', '2021-09-23 00:00:00'),
	(387, '988998126-2', '소설', 'Smith\'s bush squirrel', 'Nevil', 'Skyble', 837, 24803, 'noimage.png', 'a libero nam dui proin leo odio porttitor id consequat in', '품절', '2021-07-27 00:00:00', '2021-09-23 00:00:00'),
	(388, '000577429-2', '만화', 'Skunk, striped', 'Iseabal', 'Quamba', 965, 20209, 'noimage.png', 'praesent blandit nam nulla integer pede justo lacinia eget tincidunt eget tempus vel pede morbi', '판매중', '2021-03-23 00:00:00', '2021-09-23 00:00:00'),
	(389, '632968519-3', '소설', 'Fox, grey', 'Noreen', 'Feedspan', 954, 16611, 'noimage.png', 'faucibus orci luctus et ultrices posuere cubilia curae donec pharetra magna vestibulum aliquet ultrices erat tortor', '구편절판', '2020-09-24 00:00:00', '2021-09-23 00:00:00'),
	(390, '355171525-4', '컴퓨터', 'Plover, blacksmith', 'Amye', 'Brainsphere', 467, 17850, 'noimage.png', 'nec condimentum neque sapien placerat ante nulla justo aliquam quis turpis eget elit sodales', '품절', '2021-07-04 00:00:00', '2021-09-23 00:00:00'),
	(391, '469460990-4', '경제', 'Lily trotter', 'Ive', 'Reallinks', 973, 29921, 'noimage.png', 'integer tincidunt ante vel ipsum praesent blandit lacinia erat vestibulum sed', '절판', '2021-02-18 00:00:00', '2021-09-23 00:00:00'),
	(392, '390637954-X', '컴퓨터', 'White-mantled colobus', 'Ree', 'Divavu', 716, 21859, 'noimage.png', 'in eleifend quam a odio in hac habitasse platea dictumst', '판매중', '2021-07-22 00:00:00', '2021-09-23 00:00:00'),
	(393, '074311499-X', '경제', 'Goose, cereopsis', 'Osbert', 'Youtags', 278, 22818, 'noimage.png', 'at dolor quis odio consequat varius integer ac leo pellentesque ultrices mattis odio donec vitae nisi', '판매중', '2020-12-27 00:00:00', '2021-09-23 00:00:00'),
	(394, '495608691-1', '여행', 'Wapiti, elk,', 'Wells', 'Skippad', 944, 29346, 'noimage.png', 'mauris vulputate elementum nullam varius nulla facilisi cras non velit', '품절', '2021-04-24 00:00:00', '2021-09-23 00:00:00'),
	(395, '603035698-4', '여행', 'Buffalo, wild water', 'Donna', 'Youspan', 346, 8529, 'noimage.png', 'vel enim sit amet nunc viverra dapibus nulla suscipit ligula in lacus curabitur at ipsum ac', '절판', '2021-08-09 00:00:00', '2021-09-23 00:00:00'),
	(396, '151631449-2', '외국어', 'Defassa waterbuck', 'Keslie', 'Bubbletube', 772, 27579, 'noimage.png', 'convallis eget eleifend luctus ultricies eu nibh quisque id justo sit amet sapien dignissim vestibulum vestibulum', '판매중', '2021-07-08 00:00:00', '2021-09-23 00:00:00'),
	(397, '490415696-X', '경제', 'Western lowland gorilla', 'Lynne', 'Buzzdog', 494, 25324, 'noimage.png', 'cras in purus eu magna vulputate luctus cum sociis natoque penatibus et magnis dis parturient', '판매중', '2021-02-16 00:00:00', '2021-09-23 00:00:00'),
	(398, '152103312-9', '만화', 'Butterfly (unidentified)', 'Dunstan', 'Browseblab', 708, 20411, 'noimage.png', 'penatibus et magnis dis parturient montes nascetur ridiculus mus vivamus vestibulum', '품절', '2021-06-30 00:00:00', '2021-09-23 00:00:00'),
	(399, '207479171-2', '만화', 'Eastern white pelican', 'Caitlin', 'Zoonder', 300, 14209, 'noimage.png', 'nibh in lectus pellentesque at nulla suspendisse potenti cras in purus eu magna vulputate luctus', '판매중', '2021-07-18 00:00:00', '2021-09-23 00:00:00'),
	(400, '547242669-3', '경제', 'Yellow mongoose', 'Lou', 'Twinder', 939, 9711, 'noimage.png', 'pede justo lacinia eget tincidunt eget tempus vel pede morbi porttitor', '구편절판', '2021-09-04 00:00:00', '2021-09-23 00:00:00'),
	(401, '554469609-8', '여행', 'Buttermilk snake', 'Ellyn', 'Tavu', 448, 20352, 'noimage.png', 'in imperdiet et commodo vulputate justo in blandit ultrices enim lorem ipsum dolor sit amet consectetuer adipiscing elit proin interdum', '구편절판', '2020-11-14 00:00:00', '2021-09-23 00:00:00'),
	(402, '806522259-5', '컴퓨터', 'Black-backed magpie', 'Urbanus', 'Agimba', 788, 8571, 'noimage.png', 'fusce consequat nulla nisl nunc nisl duis bibendum felis sed', '구편절판', '2021-01-06 00:00:00', '2021-09-23 00:00:00'),
	(403, '309446996-5', '경제', 'Eagle, white-bellied sea', 'Barty', 'Divavu', 317, 23605, 'noimage.png', 'habitasse platea dictumst etiam faucibus cursus urna ut tellus nulla ut erat id', '판매중', '2021-05-17 00:00:00', '2021-09-23 00:00:00'),
	(404, '058632663-4', '경제', 'Wolf spider', 'Guthrie', 'Skajo', 781, 25425, 'noimage.png', 'venenatis tristique fusce congue diam id ornare imperdiet sapien urna pretium nisl ut volutpat', '구편절판', '2021-05-13 00:00:00', '2021-09-23 00:00:00'),
	(405, '265244276-7', '외국어', 'Baboon, olive', 'Martyn', 'Ntags', 334, 8915, 'noimage.png', 'curae donec pharetra magna vestibulum aliquet ultrices erat tortor sollicitudin mi sit amet lobortis sapien', '품절', '2021-07-07 00:00:00', '2021-09-23 00:00:00'),
	(406, '173532107-9', '만화', 'Macaque, pig-tailed', 'Sandro', 'Vitz', 370, 5772, 'noimage.png', 'nam dui proin leo odio porttitor id consequat in consequat ut nulla sed accumsan', '구편절판', '2021-03-09 00:00:00', '2021-09-23 00:00:00'),
	(407, '062911669-5', '소설', 'Asian lion', 'Alejandrina', 'Wikivu', 538, 20977, 'noimage.png', 'elit sodales scelerisque mauris sit amet eros suspendisse accumsan tortor quis turpis sed ante vivamus tortor duis mattis', '품절', '2020-11-01 00:00:00', '2021-09-23 00:00:00'),
	(408, '631697215-6', '여행', 'Macaque, pig-tailed', 'Pattie', 'Photojam', 488, 10967, 'noimage.png', 'augue aliquam erat volutpat in congue etiam justo etiam pretium iaculis justo in', '판매중', '2021-02-09 00:00:00', '2021-09-23 00:00:00'),
	(409, '425342608-5', '경제', 'Denham\'s bustard', 'Amii', 'Edgetag', 184, 11369, 'noimage.png', 'viverra pede ac diam cras pellentesque volutpat dui maecenas tristique est', '절판', '2021-04-04 00:00:00', '2021-09-23 00:00:00'),
	(410, '869597811-7', '외국어', 'Heron, green', 'Muffin', 'Divape', 220, 22326, 'noimage.png', 'curae nulla dapibus dolor vel est donec odio justo sollicitudin ut suscipit a feugiat et', '품절', '2021-09-06 00:00:00', '2021-09-23 00:00:00'),
	(411, '148486641-X', '외국어', 'Common mynah', 'Em', 'Devpoint', 680, 7287, 'noimage.png', 'neque libero convallis eget eleifend luctus ultricies eu nibh quisque id justo sit amet sapien dignissim vestibulum vestibulum', '품절', '2021-09-02 00:00:00', '2021-09-23 00:00:00'),
	(412, '413121844-5', '여행', 'Giant anteater', 'Konstantine', 'Plambee', 394, 6343, 'noimage.png', 'praesent id massa id nisl venenatis lacinia aenean sit amet justo', '구편절판', '2021-07-27 00:00:00', '2021-09-23 00:00:00'),
	(413, '464522387-9', '소설', 'Black-winged stilt', 'Avictor', 'Browsetype', 223, 9198, 'noimage.png', 'non pretium quis lectus suspendisse potenti in eleifend quam a odio in hac habitasse platea dictumst maecenas ut', '절판', '2021-02-06 00:00:00', '2021-09-23 00:00:00'),
	(414, '604278192-8', '만화', 'Owl, white-browed', 'Willie', 'Linkbridge', 478, 22412, 'noimage.png', 'lectus suspendisse potenti in eleifend quam a odio in hac habitasse platea dictumst maecenas ut massa quis augue', '구편절판', '2020-10-19 00:00:00', '2021-09-23 00:00:00'),
	(415, '794288199-7', '여행', 'Pigeon, wood', 'Eddi', 'Rooxo', 416, 12559, 'noimage.png', 'ut erat id mauris vulputate elementum nullam varius nulla facilisi cras non velit nec nisi vulputate nonummy maecenas tincidunt', '절판', '2021-05-01 00:00:00', '2021-09-23 00:00:00'),
	(416, '543681964-8', '여행', 'Eastern dwarf mongoose', 'Kaspar', 'Trupe', 977, 27999, 'noimage.png', 'justo lacinia eget tincidunt eget tempus vel pede morbi porttitor lorem id ligula suspendisse ornare consequat lectus', '품절', '2021-05-24 00:00:00', '2021-09-23 00:00:00'),
	(417, '030982437-0', '경제', 'Snake, eastern indigo', 'Sancho', 'Agimba', 136, 25395, 'noimage.png', 'est quam pharetra magna ac consequat metus sapien ut nunc vestibulum ante ipsum primis', '품절', '2021-07-28 00:00:00', '2021-09-23 00:00:00'),
	(418, '556993675-0', '만화', 'Porcupine, crested', 'Nerita', 'Feedspan', 424, 12826, 'noimage.png', 'nunc nisl duis bibendum felis sed interdum venenatis turpis enim blandit mi in porttitor pede justo eu massa', '판매중', '2021-06-28 00:00:00', '2021-09-23 00:00:00'),
	(419, '910488357-8', '컴퓨터', 'Bleeding heart monkey', 'Jelene', 'Yodoo', 513, 22541, 'noimage.png', 'consequat lectus in est risus auctor sed tristique in tempus sit amet sem fusce consequat nulla nisl nunc nisl duis', '절판', '2021-02-11 00:00:00', '2021-09-23 00:00:00'),
	(420, '294345594-6', '경제', 'Spectacled caiman', 'Dana', 'Blogtags', 772, 6467, 'noimage.png', 'ultrices posuere cubilia curae nulla dapibus dolor vel est donec odio justo sollicitudin ut suscipit a', '품절', '2021-02-05 00:00:00', '2021-09-23 00:00:00'),
	(421, '070164377-3', '여행', 'Sheep, american bighorn', 'Valencia', 'Bubblemix', 105, 11644, 'noimage.png', 'vestibulum rutrum rutrum neque aenean auctor gravida sem praesent id massa id nisl venenatis lacinia aenean sit amet justo', '품절', '2021-07-10 00:00:00', '2021-09-23 00:00:00'),
	(422, '600583769-9', '만화', 'Coqui francolin', 'Kaine', 'Vimbo', 709, 25518, 'noimage.png', 'curabitur at ipsum ac tellus semper interdum mauris ullamcorper purus sit amet nulla quisque arcu libero rutrum', '품절', '2021-01-01 00:00:00', '2021-09-23 00:00:00'),
	(423, '843207129-3', '여행', 'Capuchin, brown', 'Trumaine', 'Voonix', 283, 29359, 'noimage.png', 'congue risus semper porta volutpat quam pede lobortis ligula sit', '구편절판', '2021-04-09 00:00:00', '2021-09-23 00:00:00'),
	(424, '153338501-7', '여행', 'Jaguar', 'Vladamir', 'Pixoboo', 746, 23678, 'noimage.png', 'phasellus id sapien in sapien iaculis congue vivamus metus arcu', '구편절판', '2021-05-03 00:00:00', '2021-09-23 00:00:00'),
	(425, '202604242-X', '경제', 'Rhinoceros, black', 'Nara', 'Tagpad', 468, 18308, 'noimage.png', 'iaculis justo in hac habitasse platea dictumst etiam faucibus cursus urna', '품절', '2020-11-26 00:00:00', '2021-09-23 00:00:00'),
	(426, '793054278-5', '여행', 'Nile crocodile', 'Leisha', 'Jayo', 222, 10235, 'noimage.png', 'auctor gravida sem praesent id massa id nisl venenatis lacinia', '절판', '2021-07-22 00:00:00', '2021-09-23 00:00:00'),
	(427, '382603357-4', '만화', 'Duiker, gray', 'Ondrea', 'Linkbuzz', 106, 19265, 'noimage.png', 'nibh ligula nec sem duis aliquam convallis nunc proin at turpis a pede posuere nonummy integer non velit donec diam', '구편절판', '2021-05-31 00:00:00', '2021-09-23 00:00:00'),
	(428, '818974955-2', '만화', 'Feathertail glider', 'Deck', 'Realcube', 725, 28939, 'noimage.png', 'eros suspendisse accumsan tortor quis turpis sed ante vivamus tortor duis mattis egestas metus aenean', '품절', '2020-10-02 00:00:00', '2021-09-23 00:00:00'),
	(429, '033760329-4', '만화', 'Kaffir cat', 'Tybi', 'Zoomlounge', 474, 26971, 'noimage.png', 'luctus et ultrices posuere cubilia curae nulla dapibus dolor vel est donec odio justo sollicitudin ut suscipit a feugiat et', '품절', '2021-08-29 00:00:00', '2021-09-23 00:00:00'),
	(430, '774495917-5', '경제', 'Slender-billed cockatoo', 'Odell', 'Plambee', 283, 8423, 'noimage.png', 'leo pellentesque ultrices mattis odio donec vitae nisi nam ultrices libero', '구편절판', '2021-06-27 00:00:00', '2021-09-23 00:00:00'),
	(431, '119053666-8', '컴퓨터', 'Waxbill, blue', 'Felizio', 'Chatterbridge', 571, 28888, 'noimage.png', 'sed tincidunt eu felis fusce posuere felis sed lacus morbi sem mauris', '구편절판', '2021-05-16 00:00:00', '2021-09-23 00:00:00'),
	(432, '477465099-4', '만화', 'Drongo, fork-tailed', 'Kaile', 'Meemm', 786, 11111, 'noimage.png', 'in est risus auctor sed tristique in tempus sit amet sem fusce consequat nulla', '절판', '2021-03-19 00:00:00', '2021-09-23 00:00:00'),
	(433, '108556494-0', '여행', 'Goanna lizard', 'Erda', 'Jabbertype', 805, 28035, 'noimage.png', 'neque sapien placerat ante nulla justo aliquam quis turpis eget elit sodales scelerisque mauris sit', '구편절판', '2020-12-26 00:00:00', '2021-09-23 00:00:00'),
	(434, '974420552-0', '여행', 'Cougar', 'Veronique', 'Zooveo', 197, 25733, 'noimage.png', 'dui vel nisl duis ac nibh fusce lacus purus aliquet at feugiat non pretium quis lectus', '구편절판', '2020-09-23 00:00:00', '2021-09-23 00:00:00'),
	(435, '451556427-7', '컴퓨터', 'Topi', 'Haskell', 'Snaptags', 231, 5796, 'noimage.png', 'proin leo odio porttitor id consequat in consequat ut nulla sed accumsan felis ut at dolor quis odio consequat', '판매중', '2020-12-17 00:00:00', '2021-09-23 00:00:00'),
	(436, '227353173-7', '컴퓨터', 'Tern, royal', 'Iorgo', 'Skyndu', 660, 24691, 'noimage.png', 'lacus purus aliquet at feugiat non pretium quis lectus suspendisse potenti in', '구편절판', '2021-09-18 00:00:00', '2021-09-23 00:00:00'),
	(437, '129273763-8', '만화', 'Nuthatch, red-breasted', 'Vinny', 'Tazzy', 494, 25685, 'noimage.png', 'vestibulum vestibulum ante ipsum primis in faucibus orci luctus et ultrices posuere cubilia curae', '품절', '2021-02-24 00:00:00', '2021-09-23 00:00:00'),
	(438, '815520301-8', '여행', 'Badger, honey', 'Rici', 'Realbridge', 628, 8748, 'noimage.png', 'nascetur ridiculus mus vivamus vestibulum sagittis sapien cum sociis natoque penatibus et magnis dis parturient', '구편절판', '2020-11-05 00:00:00', '2021-09-23 00:00:00'),
	(439, '110807406-5', '만화', 'Long-tailed skua', 'Tobit', 'Gabtype', 208, 16242, 'noimage.png', 'nisi eu orci mauris lacinia sapien quis libero nullam sit amet turpis elementum ligula vehicula consequat morbi', '품절', '2021-06-14 00:00:00', '2021-09-23 00:00:00'),
	(440, '034220887-X', '만화', 'American woodcock', 'Jimmie', 'Flipopia', 796, 20618, 'noimage.png', 'massa id lobortis convallis tortor risus dapibus augue vel accumsan tellus', '절판', '2020-11-28 00:00:00', '2021-09-23 00:00:00'),
	(441, '672400005-X', '소설', 'African lynx', 'Orelie', 'Youspan', 498, 22416, 'noimage.png', 'elit sodales scelerisque mauris sit amet eros suspendisse accumsan tortor', '품절', '2021-02-17 00:00:00', '2021-09-23 00:00:00'),
	(442, '431139552-3', '소설', 'Long-finned pilot whale', 'Cyndia', 'Blogpad', 604, 27145, 'noimage.png', 'vestibulum sed magna at nunc commodo placerat praesent blandit nam nulla integer pede', '품절', '2020-11-06 00:00:00', '2021-09-23 00:00:00'),
	(443, '146030306-7', '경제', 'Blacksmith plover', 'Vite', 'Mudo', 673, 10077, 'noimage.png', 'vestibulum rutrum rutrum neque aenean auctor gravida sem praesent id massa id nisl', '판매중', '2021-04-07 00:00:00', '2021-09-23 00:00:00'),
	(444, '247824269-9', '경제', 'Sun gazer', 'Babita', 'Pixope', 902, 16082, 'noimage.png', 'praesent blandit nam nulla integer pede justo lacinia eget tincidunt eget tempus vel pede morbi porttitor lorem id ligula', '구편절판', '2021-02-11 00:00:00', '2021-09-23 00:00:00'),
	(445, '346185554-5', '여행', 'Goose, cereopsis', 'Diannne', 'Skimia', 564, 13797, 'noimage.png', 'mauris non ligula pellentesque ultrices phasellus id sapien in sapien iaculis congue vivamus metus arcu adipiscing molestie hendrerit at vulputate', '구편절판', '2021-04-10 00:00:00', '2021-09-23 00:00:00'),
	(446, '492576522-1', '경제', 'Baboon, yellow', 'Lind', 'Tagcat', 390, 18918, 'noimage.png', 'est risus auctor sed tristique in tempus sit amet sem fusce', '품절', '2021-06-20 00:00:00', '2021-09-23 00:00:00'),
	(447, '762443685-X', '여행', 'Dove, galapagos', 'Susy', 'Jabbercube', 150, 20897, 'noimage.png', 'orci pede venenatis non sodales sed tincidunt eu felis fusce posuere felis sed lacus', '절판', '2021-05-21 00:00:00', '2021-09-23 00:00:00'),
	(448, '891297491-2', '만화', 'Raccoon, common', 'Wang', 'Trilith', 589, 7796, 'noimage.png', 'eu orci mauris lacinia sapien quis libero nullam sit amet', '품절', '2021-08-20 00:00:00', '2021-09-23 00:00:00'),
	(449, '867187245-9', '외국어', 'Hornbill, southern ground', 'Adelice', 'Youtags', 218, 27333, 'noimage.png', 'in faucibus orci luctus et ultrices posuere cubilia curae duis faucibus accumsan odio curabitur convallis duis', '구편절판', '2021-07-28 00:00:00', '2021-09-23 00:00:00'),
	(450, '175613438-3', '컴퓨터', 'Gerenuk', 'Arlen', 'Browsecat', 471, 6770, 'noimage.png', 'odio in hac habitasse platea dictumst maecenas ut massa quis augue luctus tincidunt nulla mollis', '판매중', '2021-09-17 00:00:00', '2021-09-23 00:00:00'),
	(451, '137344589-0', '여행', 'Shrike, southern white-crowned', 'Jennette', 'Yodel', 899, 28200, 'noimage.png', 'pede posuere nonummy integer non velit donec diam neque vestibulum', '판매중', '2021-09-08 00:00:00', '2021-09-23 00:00:00'),
	(452, '392863438-0', '외국어', 'Boa, malagasy ground', 'Kinny', 'Rhynyx', 461, 13419, 'noimage.png', 'potenti cras in purus eu magna vulputate luctus cum sociis natoque penatibus et magnis', '품절', '2021-01-11 00:00:00', '2021-09-23 00:00:00'),
	(453, '511595097-9', '만화', 'Arctic hare', 'Coriss', 'Wordify', 219, 18231, 'noimage.png', 'cras pellentesque volutpat dui maecenas tristique est et tempus semper est quam pharetra magna ac consequat metus sapien', '구편절판', '2021-08-12 00:00:00', '2021-09-23 00:00:00'),
	(454, '806038981-5', '소설', 'Crow, american', 'Avril', 'Gabtype', 441, 21538, 'noimage.png', 'in hac habitasse platea dictumst morbi vestibulum velit id pretium iaculis diam erat fermentum justo nec condimentum', '구편절판', '2021-06-09 00:00:00', '2021-09-23 00:00:00'),
	(455, '788891481-0', '소설', 'Sloth, two-toed tree', 'Curtice', 'Voonyx', 314, 26715, 'noimage.png', 'nec sem duis aliquam convallis nunc proin at turpis a pede posuere nonummy integer non velit', '절판', '2021-04-21 00:00:00', '2021-09-23 00:00:00'),
	(456, '135408341-5', '소설', 'Bontebok', 'Ebenezer', 'Oloo', 240, 29939, 'noimage.png', 'donec pharetra magna vestibulum aliquet ultrices erat tortor sollicitudin mi sit amet', '판매중', '2021-04-30 00:00:00', '2021-09-23 00:00:00'),
	(457, '472859513-7', '여행', 'Fox, grey', 'Terri', 'Oyoyo', 965, 24502, 'noimage.png', 'augue vestibulum ante ipsum primis in faucibus orci luctus et', '판매중', '2020-10-14 00:00:00', '2021-09-23 00:00:00'),
	(458, '787079577-1', '경제', 'Great white pelican', 'Livvie', 'Flashspan', 494, 25840, 'noimage.png', 'consectetuer adipiscing elit proin risus praesent lectus vestibulum quam sapien varius ut blandit non interdum in ante', '구편절판', '2021-05-08 00:00:00', '2021-09-23 00:00:00'),
	(459, '647620665-6', '여행', 'Bustard, kori', 'Ave', 'Meevee', 579, 6532, 'noimage.png', 'iaculis diam erat fermentum justo nec condimentum neque sapien placerat ante nulla justo', '절판', '2021-04-06 00:00:00', '2021-09-23 00:00:00'),
	(460, '146217837-5', '컴퓨터', 'Teal, hottentot', 'Justinian', 'Thoughtsphere', 554, 18097, 'noimage.png', 'turpis a pede posuere nonummy integer non velit donec diam neque vestibulum eget vulputate ut ultrices', '품절', '2021-04-30 00:00:00', '2021-09-23 00:00:00'),
	(461, '171245789-6', '만화', 'Langur, hanuman', 'Ernaline', 'Edgeify', 931, 11953, 'noimage.png', 'morbi non quam nec dui luctus rutrum nulla tellus in sagittis dui', '판매중', '2021-05-03 00:00:00', '2021-09-23 00:00:00'),
	(462, '080915100-6', '외국어', 'Heron, yellow-crowned night', 'Liesa', 'Avavee', 734, 8263, 'noimage.png', 'aliquet pulvinar sed nisl nunc rhoncus dui vel sem sed sagittis nam congue', '판매중', '2021-07-11 00:00:00', '2021-09-23 00:00:00'),
	(463, '260902679-X', '여행', 'African pied wagtail', 'Romona', 'Dynava', 309, 23035, 'noimage.png', 'nunc viverra dapibus nulla suscipit ligula in lacus curabitur at ipsum', '판매중', '2021-04-22 00:00:00', '2021-09-23 00:00:00'),
	(464, '035325070-8', '소설', 'Puffin, horned', 'Elora', 'Innotype', 737, 20156, 'noimage.png', 'venenatis turpis enim blandit mi in porttitor pede justo eu', '절판', '2020-11-03 00:00:00', '2021-09-23 00:00:00'),
	(465, '382506583-9', '여행', 'Stork, painted', 'Lucienne', 'Eimbee', 351, 24292, 'noimage.png', 'sed augue aliquam erat volutpat in congue etiam justo etiam pretium iaculis justo in hac habitasse platea', '구편절판', '2021-06-28 00:00:00', '2021-09-23 00:00:00'),
	(466, '048900425-3', '경제', 'Capuchin, brown', 'Shena', 'Meembee', 175, 27484, 'noimage.png', 'sapien cursus vestibulum proin eu mi nulla ac enim in tempor turpis nec euismod scelerisque', '품절', '2021-03-11 00:00:00', '2021-09-23 00:00:00'),
	(467, '049972540-9', '외국어', 'White-fronted capuchin', 'Gib', 'Rooxo', 224, 13959, 'noimage.png', 'consequat metus sapien ut nunc vestibulum ante ipsum primis in faucibus orci luctus et ultrices posuere', '판매중', '2021-06-21 00:00:00', '2021-09-23 00:00:00'),
	(468, '209476777-9', '컴퓨터', 'Black-crowned crane', 'Linnie', 'Flashset', 977, 24316, 'noimage.png', 'pede ac diam cras pellentesque volutpat dui maecenas tristique est et tempus semper est', '구편절판', '2020-11-17 00:00:00', '2021-09-23 00:00:00'),
	(469, '501111415-5', '만화', 'Camel, dromedary', 'Alidia', 'Babbleset', 910, 5209, 'noimage.png', 'enim in tempor turpis nec euismod scelerisque quam turpis adipiscing lorem vitae mattis nibh ligula nec', '구편절판', '2021-06-06 00:00:00', '2021-09-23 00:00:00'),
	(470, '517032110-4', '외국어', 'Lesser masked weaver', 'Kellsie', 'Skinder', 634, 18358, 'noimage.png', 'porta volutpat quam pede lobortis ligula sit amet eleifend pede', '품절', '2021-06-24 00:00:00', '2021-09-23 00:00:00'),
	(471, '153574185-6', '외국어', 'Platypus', 'Candida', 'Viva', 385, 21357, 'noimage.png', 'convallis duis consequat dui nec nisi volutpat eleifend donec ut dolor morbi vel', '판매중', '2021-03-17 00:00:00', '2021-09-23 00:00:00'),
	(472, '532809948-6', '외국어', 'Bent-toed gecko', 'Janot', 'Skaboo', 413, 21659, 'noimage.png', 'mus etiam vel augue vestibulum rutrum rutrum neque aenean auctor gravida sem praesent id massa id nisl venenatis lacinia', '판매중', '2021-05-23 00:00:00', '2021-09-23 00:00:00'),
	(473, '482101642-7', '컴퓨터', 'African skink', 'Gabriel', 'Mita', 636, 18678, 'noimage.png', 'sit amet nulla quisque arcu libero rutrum ac lobortis vel dapibus at diam nam tristique', '판매중', '2021-03-07 00:00:00', '2021-09-23 00:00:00'),
	(474, '959526893-3', '여행', 'Cockatoo, red-breasted', 'Vitoria', 'Bubblemix', 995, 22312, 'noimage.png', 'eleifend quam a odio in hac habitasse platea dictumst maecenas ut massa quis augue luctus', '품절', '2021-03-31 00:00:00', '2021-09-23 00:00:00'),
	(475, '948709029-0', '컴퓨터', 'Blue-faced booby', 'Leena', 'Ooba', 780, 20910, 'noimage.png', 'vel enim sit amet nunc viverra dapibus nulla suscipit ligula in lacus curabitur at ipsum ac tellus semper interdum', '절판', '2021-07-07 00:00:00', '2021-09-23 00:00:00'),
	(476, '596080262-7', '경제', 'Buffalo, wild water', 'Cari', 'Feedbug', 297, 16898, 'noimage.png', 'odio cras mi pede malesuada in imperdiet et commodo vulputate justo in blandit ultrices enim lorem', '절판', '2021-08-20 00:00:00', '2021-09-23 00:00:00'),
	(477, '774338657-0', '소설', 'Squirrel, indian giant', 'Malvina', 'Trudoo', 885, 26208, 'noimage.png', 'eros vestibulum ac est lacinia nisi venenatis tristique fusce congue diam id ornare', '절판', '2021-08-08 00:00:00', '2021-09-23 00:00:00'),
	(478, '391723706-7', '여행', 'Galah', 'Madelle', 'Yoveo', 991, 16373, 'noimage.png', 'id massa id nisl venenatis lacinia aenean sit amet justo morbi ut odio cras mi pede malesuada in imperdiet', '구편절판', '2020-10-03 00:00:00', '2021-09-23 00:00:00'),
	(479, '072140977-6', '여행', 'White-winged dove', 'Mord', 'Oozz', 991, 26748, 'noimage.png', 'justo maecenas rhoncus aliquam lacus morbi quis tortor id nulla ultrices aliquet maecenas leo odio condimentum id luctus', '품절', '2021-07-15 00:00:00', '2021-09-23 00:00:00'),
	(480, '956011522-7', '만화', 'Cockatoo, slender-billed', 'Jeana', 'Abatz', 628, 24238, 'noimage.png', 'viverra dapibus nulla suscipit ligula in lacus curabitur at ipsum ac tellus semper interdum mauris ullamcorper purus sit amet nulla', '판매중', '2021-09-16 00:00:00', '2021-09-23 00:00:00'),
	(481, '200108189-8', '만화', 'Hare, arctic', 'Wallie', 'Midel', 191, 17841, 'noimage.png', 'luctus et ultrices posuere cubilia curae duis faucibus accumsan odio curabitur convallis duis consequat dui nec nisi volutpat eleifend', '구편절판', '2021-03-31 00:00:00', '2021-09-23 00:00:00'),
	(482, '398774642-4', '여행', 'Chacma baboon', 'Laurel', 'Voolith', 440, 6921, 'noimage.png', 'lacinia aenean sit amet justo morbi ut odio cras mi', '판매중', '2021-07-28 00:00:00', '2021-09-23 00:00:00'),
	(483, '412574837-3', '외국어', 'Asian elephant', 'Etty', 'Dabshots', 549, 15636, 'noimage.png', 'et ultrices posuere cubilia curae nulla dapibus dolor vel est donec odio justo sollicitudin ut suscipit a feugiat et eros', '절판', '2021-03-14 00:00:00', '2021-09-23 00:00:00'),
	(484, '100330530-X', '만화', 'Klipspringer', 'Cass', 'Zoonder', 885, 20227, 'noimage.png', 'lorem ipsum dolor sit amet consectetuer adipiscing elit proin risus praesent lectus vestibulum quam', '품절', '2021-05-19 00:00:00', '2021-09-23 00:00:00'),
	(485, '956623348-5', '소설', 'Rat, arboral spiny', 'Zsazsa', 'Kazio', 578, 7015, 'noimage.png', 'nibh in quis justo maecenas rhoncus aliquam lacus morbi quis tortor id nulla ultrices aliquet maecenas leo odio condimentum id', '구편절판', '2020-11-20 00:00:00', '2021-09-23 00:00:00'),
	(486, '272510748-2', '경제', 'African wild dog', 'Mahmoud', 'Topiclounge', 214, 14530, 'noimage.png', 'eu felis fusce posuere felis sed lacus morbi sem mauris laoreet ut rhoncus', '판매중', '2021-08-22 00:00:00', '2021-09-23 00:00:00'),
	(487, '976629652-9', '소설', 'Arctic lemming', 'Egbert', 'Oyope', 591, 19323, 'noimage.png', 'massa donec dapibus duis at velit eu est congue elementum in hac habitasse platea dictumst morbi vestibulum velit id', '구편절판', '2021-05-10 00:00:00', '2021-09-23 00:00:00'),
	(488, '672645033-8', '경제', 'Chickadee, black-capped', 'Vaclav', 'Kaymbo', 488, 5040, 'noimage.png', 'varius nulla facilisi cras non velit nec nisi vulputate nonummy maecenas tincidunt lacus', '절판', '2021-09-06 00:00:00', '2021-09-23 00:00:00'),
	(489, '959034285-X', '경제', 'Aardwolf', 'Aldus', 'Avamba', 270, 17768, 'noimage.png', 'nam nulla integer pede justo lacinia eget tincidunt eget tempus vel pede morbi porttitor lorem id ligula suspendisse ornare consequat', '품절', '2021-06-19 00:00:00', '2021-09-23 00:00:00'),
	(490, '096823516-6', '경제', 'Royal tern', 'Leanna', 'Cogidoo', 771, 9857, 'noimage.png', 'sem fusce consequat nulla nisl nunc nisl duis bibendum felis sed interdum venenatis turpis enim blandit mi in porttitor pede', '품절', '2021-08-03 00:00:00', '2021-09-23 00:00:00'),
	(491, '240643993-3', '여행', 'Violet-eared waxbill', 'Erv', 'Realbuzz', 325, 5000, 'noimage.png', 'pretium iaculis justo in hac habitasse platea dictumst etiam faucibus cursus urna ut tellus nulla', '구편절판', '2021-09-22 00:00:00', '2021-09-23 00:00:00'),
	(492, '147932713-1', '소설', 'Puma', 'Verla', 'Meeveo', 140, 15199, 'noimage.png', 'nisi eu orci mauris lacinia sapien quis libero nullam sit amet turpis elementum ligula vehicula consequat morbi a', '판매중', '2021-06-04 00:00:00', '2021-09-23 00:00:00'),
	(493, '309536382-6', '소설', 'Flicker, campo', 'Portia', 'Leenti', 816, 25773, 'noimage.png', 'libero ut massa volutpat convallis morbi odio odio elementum eu interdum eu tincidunt', '구편절판', '2021-03-07 00:00:00', '2021-09-23 00:00:00'),
	(494, '531494818-4', '여행', 'Vulture, white-rumped', 'Claude', 'Kare', 264, 21609, 'noimage.png', 'a pede posuere nonummy integer non velit donec diam neque vestibulum eget vulputate ut ultrices vel augue vestibulum ante ipsum', '절판', '2021-05-19 00:00:00', '2021-09-23 00:00:00'),
	(495, '600644022-9', '외국어', 'Yellow-crowned night heron', 'Malchy', 'Kimia', 143, 27885, 'noimage.png', 'varius nulla facilisi cras non velit nec nisi vulputate nonummy maecenas tincidunt lacus at velit vivamus vel nulla', '구편절판', '2021-03-18 00:00:00', '2021-09-23 00:00:00'),
	(496, '923301115-1', '컴퓨터', 'Mongoose, banded', 'Ingelbert', 'Rhynoodle', 207, 17473, 'noimage.png', 'quisque ut erat curabitur gravida nisi at nibh in hac', '구편절판', '2021-02-11 00:00:00', '2021-09-23 00:00:00'),
	(497, '726227540-2', '여행', 'Pigeon, wood', 'Winne', 'Edgepulse', 156, 12109, 'noimage.png', 'eget orci vehicula condimentum curabitur in libero ut massa volutpat convallis morbi odio odio elementum eu interdum', '절판', '2021-05-16 00:00:00', '2021-09-23 00:00:00'),
	(498, '561478220-6', '소설', 'Sandpiper, spotted wood', 'Zacherie', 'Voolia', 371, 20147, 'noimage.png', 'erat nulla tempus vivamus in felis eu sapien cursus vestibulum proin eu mi nulla ac enim', '구편절판', '2021-08-25 00:00:00', '2021-09-23 00:00:00'),
	(499, '412602708-4', '경제', 'Ostrich', 'Kimberley', 'Buzzdog', 809, 12967, 'noimage.png', 'erat fermentum justo nec condimentum neque sapien placerat ante nulla justo aliquam quis', '절판', '2021-08-09 00:00:00', '2021-09-23 00:00:00'),
	(500, '087995557-0', '컴퓨터', 'Wallaby, dama', 'Barri', 'Tagopia', 383, 22198, 'noimage.png', 'integer aliquet massa id lobortis convallis tortor risus dapibus augue vel accumsan', '판매중', '2021-03-19 00:00:00', '2021-09-23 00:00:00'),
	(501, '065095054-2', '컴퓨터', 'White-throated kingfisher', 'Ana', 'Digitube', 838, 5206, 'noimage.png', 'posuere cubilia curae nulla dapibus dolor vel est donec odio justo sollicitudin ut suscipit a feugiat et eros vestibulum', '판매중', '2021-06-05 00:00:00', '2021-09-23 00:00:00'),
	(502, '395743397-5', '여행', 'River wallaby', 'Harlin', 'Vipe', 657, 25895, 'noimage.png', 'maecenas tristique est et tempus semper est quam pharetra magna ac consequat metus sapien ut', '구편절판', '2021-02-28 00:00:00', '2021-09-23 00:00:00'),
	(503, '764297222-9', '외국어', 'Buffalo, american', 'Mercie', 'Edgeify', 211, 11623, 'noimage.png', 'penatibus et magnis dis parturient montes nascetur ridiculus mus etiam vel augue vestibulum rutrum rutrum neque aenean auctor gravida sem', '품절', '2021-03-14 00:00:00', '2021-09-23 00:00:00'),
	(504, '253152077-5', '외국어', 'Badger, honey', 'Vladimir', 'Skippad', 137, 12590, 'noimage.png', 'integer aliquet massa id lobortis convallis tortor risus dapibus augue vel accumsan tellus nisi eu', '절판', '2021-01-09 00:00:00', '2021-09-23 00:00:00'),
	(505, '046729890-4', '컴퓨터', 'Monster, gila', 'Roxy', 'Muxo', 134, 14301, 'noimage.png', 'mi nulla ac enim in tempor turpis nec euismod scelerisque quam turpis adipiscing', '절판', '2021-05-14 00:00:00', '2021-09-23 00:00:00'),
	(506, '946438917-6', '경제', 'Black-backed jackal', 'Jedediah', 'Feedfire', 597, 16640, 'noimage.png', 'dapibus dolor vel est donec odio justo sollicitudin ut suscipit a feugiat et eros vestibulum', '품절', '2021-01-27 00:00:00', '2021-09-23 00:00:00'),
	(507, '125293066-6', '여행', 'Vicuna', 'Vale', 'Kanoodle', 557, 10477, 'noimage.png', 'congue etiam justo etiam pretium iaculis justo in hac habitasse platea dictumst etiam', '품절', '2021-08-21 00:00:00', '2021-09-23 00:00:00'),
	(508, '396616620-8', '컴퓨터', 'Nubian bee-eater', 'Angelico', 'Youspan', 533, 7306, 'noimage.png', 'ipsum primis in faucibus orci luctus et ultrices posuere cubilia curae donec pharetra magna vestibulum aliquet ultrices erat', '품절', '2021-03-08 00:00:00', '2021-09-23 00:00:00'),
	(509, '363784772-8', '컴퓨터', 'Dove, rock', 'Park', 'Photolist', 763, 7488, 'noimage.png', 'faucibus cursus urna ut tellus nulla ut erat id mauris vulputate elementum nullam varius nulla facilisi cras', '절판', '2020-10-13 00:00:00', '2021-09-23 00:00:00'),
	(510, '590939037-6', '소설', 'Turkey, common', 'Leila', 'Topiczoom', 235, 23058, 'noimage.png', 'leo pellentesque ultrices mattis odio donec vitae nisi nam ultrices libero', '절판', '2020-10-26 00:00:00', '2021-09-23 00:00:00'),
	(511, '946071298-3', '경제', 'Llama', 'Merline', 'Edgetag', 959, 24797, 'noimage.png', 'orci eget orci vehicula condimentum curabitur in libero ut massa volutpat convallis morbi odio', '판매중', '2021-05-14 00:00:00', '2021-09-23 00:00:00'),
	(512, '722547214-3', '컴퓨터', 'Cape starling', 'Rolf', 'Gabtune', 889, 14726, 'noimage.png', 'amet diam in magna bibendum imperdiet nullam orci pede venenatis non sodales sed tincidunt eu felis fusce posuere felis sed', '구편절판', '2021-09-10 00:00:00', '2021-09-23 00:00:00'),
	(513, '631118733-7', '만화', 'Magnificent frigate bird', 'Burr', 'Eidel', 196, 24314, 'noimage.png', 'cras mi pede malesuada in imperdiet et commodo vulputate justo in blandit ultrices enim lorem ipsum dolor sit amet consectetuer', '구편절판', '2020-11-21 00:00:00', '2021-09-23 00:00:00'),
	(514, '257793790-3', '외국어', 'Beisa oryx', 'Daffy', 'Kare', 194, 11314, 'noimage.png', 'ut erat id mauris vulputate elementum nullam varius nulla facilisi cras non velit nec nisi vulputate nonummy maecenas tincidunt lacus', '판매중', '2021-05-19 00:00:00', '2021-09-23 00:00:00'),
	(515, '156629071-6', '외국어', 'Racer snake', 'Arther', 'Babbleopia', 428, 7778, 'noimage.png', 'nec sem duis aliquam convallis nunc proin at turpis a pede posuere nonummy integer non velit', '판매중', '2020-10-17 00:00:00', '2021-09-23 00:00:00'),
	(516, '489673733-4', '소설', 'Swan, black', 'Andra', 'Gigaclub', 537, 23411, 'noimage.png', 'ligula nec sem duis aliquam convallis nunc proin at turpis a pede posuere nonummy integer', '판매중', '2020-12-19 00:00:00', '2021-09-23 00:00:00'),
	(517, '312192163-0', '컴퓨터', 'Dove, laughing', 'Demetris', 'Browsedrive', 724, 28399, 'noimage.png', 'maecenas ut massa quis augue luctus tincidunt nulla mollis molestie lorem quisque ut erat curabitur gravida nisi', '품절', '2021-04-14 00:00:00', '2021-09-23 00:00:00'),
	(518, '764951108-1', '컴퓨터', 'Little heron', 'Alma', 'Eadel', 795, 19605, 'noimage.png', 'interdum mauris ullamcorper purus sit amet nulla quisque arcu libero rutrum ac lobortis', '판매중', '2021-05-21 00:00:00', '2021-09-23 00:00:00'),
	(519, '890417676-X', '만화', 'Fox, north american red', 'Alexandra', 'Jabbertype', 662, 14802, 'noimage.png', 'dictumst aliquam augue quam sollicitudin vitae consectetuer eget rutrum at lorem integer tincidunt ante vel ipsum praesent', '판매중', '2021-09-20 00:00:00', '2021-09-23 00:00:00'),
	(520, '799235223-8', '여행', 'Desert tortoise', 'Cort', 'Feedmix', 382, 24129, 'noimage.png', 'tincidunt ante vel ipsum praesent blandit lacinia erat vestibulum sed magna at nunc commodo placerat praesent blandit nam nulla integer', '품절', '2021-06-23 00:00:00', '2021-09-23 00:00:00'),
	(521, '287179385-9', '외국어', 'Mandras tree shrew', 'Skipper', 'JumpXS', 631, 16787, 'noimage.png', 'risus semper porta volutpat quam pede lobortis ligula sit amet eleifend pede libero quis orci nullam', '절판', '2021-04-11 00:00:00', '2021-09-23 00:00:00'),
	(522, '673650824-X', '외국어', 'Cormorant, flightless', 'Margalo', 'Meembee', 516, 9202, 'noimage.png', 'diam in magna bibendum imperdiet nullam orci pede venenatis non sodales sed tincidunt eu felis fusce posuere', '절판', '2021-01-28 00:00:00', '2021-09-23 00:00:00'),
	(523, '211453603-3', '컴퓨터', 'Crab-eating raccoon', 'Karly', 'Fatz', 609, 20295, 'noimage.png', 'orci luctus et ultrices posuere cubilia curae duis faucibus accumsan odio curabitur convallis duis consequat dui nec nisi volutpat', '구편절판', '2021-09-04 00:00:00', '2021-09-23 00:00:00'),
	(524, '715201910-X', '소설', 'Jacana, african', 'Reinaldo', 'Divape', 508, 12933, 'noimage.png', 'tempus sit amet sem fusce consequat nulla nisl nunc nisl duis bibendum felis sed interdum venenatis turpis enim blandit', '품절', '2021-05-04 00:00:00', '2021-09-23 00:00:00'),
	(525, '427697066-0', '여행', 'Asian red fox', 'Ritchie', 'Meezzy', 943, 8722, 'noimage.png', 'amet sem fusce consequat nulla nisl nunc nisl duis bibendum felis sed interdum', '구편절판', '2021-08-23 00:00:00', '2021-09-23 00:00:00'),
	(526, '174945833-0', '소설', 'Australian magpie', 'Sibeal', 'Wordware', 849, 15272, 'noimage.png', 'lectus in quam fringilla rhoncus mauris enim leo rhoncus sed vestibulum sit amet cursus id turpis', '판매중', '2021-05-18 00:00:00', '2021-09-23 00:00:00'),
	(527, '164262600-7', '외국어', 'Kangaroo, eastern grey', 'Jolie', 'Realpoint', 936, 15994, 'noimage.png', 'placerat ante nulla justo aliquam quis turpis eget elit sodales scelerisque mauris sit amet eros suspendisse accumsan', '구편절판', '2021-02-17 00:00:00', '2021-09-23 00:00:00'),
	(528, '523710725-7', '여행', 'South African hedgehog', 'Alex', 'Skyba', 521, 23671, 'noimage.png', 'donec semper sapien a libero nam dui proin leo odio porttitor id consequat in consequat ut nulla sed accumsan', '구편절판', '2021-01-20 00:00:00', '2021-09-23 00:00:00'),
	(529, '974177528-8', '소설', 'Red-tailed phascogale', 'Roselle', 'Linklinks', 282, 19007, 'noimage.png', 'justo pellentesque viverra pede ac diam cras pellentesque volutpat dui', '절판', '2020-12-07 00:00:00', '2021-09-23 00:00:00'),
	(530, '773106219-8', '컴퓨터', 'Fox, blue', 'Haley', 'Oozz', 450, 12081, 'noimage.png', 'varius nulla facilisi cras non velit nec nisi vulputate nonummy maecenas tincidunt lacus at', '판매중', '2021-08-17 00:00:00', '2021-09-23 00:00:00'),
	(531, '803995212-3', '만화', 'Red-headed woodpecker', 'Tori', 'Snaptags', 645, 14168, 'noimage.png', 'vel ipsum praesent blandit lacinia erat vestibulum sed magna at nunc commodo placerat praesent blandit nam nulla integer', '품절', '2021-08-04 00:00:00', '2021-09-23 00:00:00'),
	(532, '225324301-9', '여행', 'South American puma', 'Patsy', 'Oloo', 741, 27700, 'noimage.png', 'ut tellus nulla ut erat id mauris vulputate elementum nullam varius nulla facilisi cras non velit nec nisi', '품절', '2021-07-24 00:00:00', '2021-09-23 00:00:00'),
	(533, '027750433-3', '컴퓨터', 'Klipspringer', 'Ogdan', 'Buzzbean', 770, 9763, 'noimage.png', 'diam id ornare imperdiet sapien urna pretium nisl ut volutpat sapien arcu sed augue aliquam', '절판', '2020-11-29 00:00:00', '2021-09-23 00:00:00'),
	(534, '642138667-9', '만화', 'Racer, american', 'Ximenez', 'Dabtype', 160, 24720, 'noimage.png', 'quis tortor id nulla ultrices aliquet maecenas leo odio condimentum id', '품절', '2020-10-01 00:00:00', '2021-09-23 00:00:00'),
	(535, '041820486-1', '경제', 'Buffalo, wild water', 'Freedman', 'Demimbu', 363, 8943, 'noimage.png', 'ipsum primis in faucibus orci luctus et ultrices posuere cubilia curae nulla', '품절', '2021-05-08 00:00:00', '2021-09-23 00:00:00'),
	(536, '888993322-4', '여행', 'Flamingo, lesser', 'Agnesse', 'Rhybox', 595, 26349, 'noimage.png', 'interdum venenatis turpis enim blandit mi in porttitor pede justo eu massa donec', '절판', '2021-07-09 00:00:00', '2021-09-23 00:00:00'),
	(537, '148257587-6', '외국어', 'Defassa waterbuck', 'Alaine', 'Kimia', 952, 19391, 'noimage.png', 'nisl nunc nisl duis bibendum felis sed interdum venenatis turpis enim blandit mi in', '구편절판', '2021-06-12 00:00:00', '2021-09-23 00:00:00'),
	(538, '280731668-9', '컴퓨터', 'Greylag goose', 'Tristam', 'Oyonder', 303, 24841, 'noimage.png', 'lacus morbi sem mauris laoreet ut rhoncus aliquet pulvinar sed nisl nunc', '품절', '2021-05-10 00:00:00', '2021-09-23 00:00:00'),
	(539, '423240676-X', '여행', 'Egyptian viper', 'Daloris', 'Zoomdog', 759, 9822, 'noimage.png', 'ac est lacinia nisi venenatis tristique fusce congue diam id ornare imperdiet sapien urna pretium nisl ut volutpat sapien arcu', '품절', '2020-10-24 00:00:00', '2021-09-23 00:00:00'),
	(540, '989154279-3', '외국어', 'Sandpiper, spotted wood', 'Bobina', 'Yotz', 219, 26262, 'noimage.png', 'luctus et ultrices posuere cubilia curae duis faucibus accumsan odio curabitur convallis duis consequat dui nec nisi volutpat', '구편절판', '2021-07-23 00:00:00', '2021-09-23 00:00:00'),
	(541, '958230833-8', '소설', 'Elephant, african', 'Jami', 'Linklinks', 641, 12679, 'noimage.png', 'phasellus in felis donec semper sapien a libero nam dui proin leo odio porttitor id consequat in consequat ut', '판매중', '2021-01-21 00:00:00', '2021-09-23 00:00:00'),
	(542, '547886326-2', '만화', 'Chilean flamingo', 'Janelle', 'Edgepulse', 636, 22203, 'noimage.png', 'lectus aliquam sit amet diam in magna bibendum imperdiet nullam orci pede', '품절', '2020-11-17 00:00:00', '2021-09-23 00:00:00'),
	(543, '058605487-1', '컴퓨터', 'Dragon, ornate rock', 'Hertha', 'Fatz', 679, 18291, 'noimage.png', 'purus phasellus in felis donec semper sapien a libero nam dui proin leo odio porttitor id consequat', '구편절판', '2020-12-21 00:00:00', '2021-09-23 00:00:00'),
	(544, '015463816-1', '소설', 'Deer, savannah', 'Paula', 'Zava', 935, 9097, 'noimage.png', 'justo eu massa donec dapibus duis at velit eu est congue elementum in hac habitasse platea dictumst morbi vestibulum', '절판', '2020-09-24 00:00:00', '2021-09-23 00:00:00'),
	(545, '208345818-4', '외국어', 'Macaw, red and blue', 'Bayard', 'Gevee', 348, 14062, 'noimage.png', 'suspendisse ornare consequat lectus in est risus auctor sed tristique in tempus sit amet sem fusce consequat', '절판', '2021-08-02 00:00:00', '2021-09-23 00:00:00'),
	(546, '710384569-7', '소설', 'Impala', 'Corbie', 'Trudeo', 185, 5497, 'noimage.png', 'nulla suspendisse potenti cras in purus eu magna vulputate luctus cum sociis natoque penatibus et magnis', '절판', '2021-04-13 00:00:00', '2021-09-23 00:00:00'),
	(547, '576124407-1', '컴퓨터', 'Squirrel, red', 'Milicent', 'Avavee', 323, 27686, 'noimage.png', 'amet consectetuer adipiscing elit proin risus praesent lectus vestibulum quam sapien varius', '판매중', '2021-07-21 00:00:00', '2021-09-23 00:00:00'),
	(548, '802214578-5', '여행', 'Mynah, common', 'Sheryl', 'Babblestorm', 655, 26694, 'noimage.png', 'odio consequat varius integer ac leo pellentesque ultrices mattis odio donec vitae nisi', '구편절판', '2021-03-08 00:00:00', '2021-09-23 00:00:00'),
	(549, '033270984-1', '외국어', 'American crow', 'Sharleen', 'Jamia', 169, 8102, 'noimage.png', 'luctus et ultrices posuere cubilia curae donec pharetra magna vestibulum aliquet ultrices erat', '절판', '2021-03-18 00:00:00', '2021-09-23 00:00:00'),
	(550, '499662824-3', '만화', 'Gull, silver', 'Osmund', 'Voolia', 979, 10589, 'noimage.png', 'in libero ut massa volutpat convallis morbi odio odio elementum eu interdum eu tincidunt in leo maecenas pulvinar lobortis est', '구편절판', '2021-05-12 00:00:00', '2021-09-23 00:00:00'),
	(551, '556053974-0', '경제', 'Monkey, black spider', 'Agretha', 'Zava', 560, 25407, 'noimage.png', 'nibh ligula nec sem duis aliquam convallis nunc proin at turpis a pede posuere nonummy integer', '품절', '2021-01-26 00:00:00', '2021-09-23 00:00:00'),
	(552, '209140676-7', '소설', 'Harbor seal', 'Keeley', 'Skiptube', 240, 26797, 'noimage.png', 'sed tincidunt eu felis fusce posuere felis sed lacus morbi sem mauris laoreet ut rhoncus aliquet pulvinar sed nisl nunc', '구편절판', '2020-10-11 00:00:00', '2021-09-23 00:00:00'),
	(553, '354816944-9', '외국어', 'White spoonbill', 'Karyl', 'Twiyo', 442, 13972, 'noimage.png', 'purus phasellus in felis donec semper sapien a libero nam dui proin leo', '구편절판', '2021-04-27 00:00:00', '2021-09-23 00:00:00'),
	(554, '952687417-X', '여행', 'Sandhill crane', 'Ainslee', 'Tambee', 934, 24983, 'noimage.png', 'nascetur ridiculus mus etiam vel augue vestibulum rutrum rutrum neque aenean auctor gravida sem praesent id massa', '판매중', '2021-07-04 00:00:00', '2021-09-23 00:00:00'),
	(555, '661231634-9', '소설', 'Ornate rock dragon', 'Lenna', 'Dabfeed', 728, 16569, 'noimage.png', 'mauris morbi non lectus aliquam sit amet diam in magna bibendum imperdiet nullam orci pede venenatis non', '절판', '2021-05-14 00:00:00', '2021-09-23 00:00:00'),
	(556, '012826827-1', '경제', 'Whale, long-finned pilot', 'Vanna', 'Yoveo', 897, 17683, 'noimage.png', 'et magnis dis parturient montes nascetur ridiculus mus etiam vel augue', '판매중', '2021-05-07 00:00:00', '2021-09-23 00:00:00'),
	(557, '793243956-6', '컴퓨터', 'Fox, asian red', 'Rosella', 'Yoveo', 815, 12021, 'noimage.png', 'in congue etiam justo etiam pretium iaculis justo in hac habitasse platea dictumst etiam faucibus cursus urna ut', '절판', '2020-09-30 00:00:00', '2021-09-23 00:00:00'),
	(558, '159284730-7', '컴퓨터', 'Wattled crane', 'Roderic', 'Quaxo', 388, 21258, 'noimage.png', 'lacus at turpis donec posuere metus vitae ipsum aliquam non mauris morbi non lectus', '구편절판', '2021-02-26 00:00:00', '2021-09-23 00:00:00'),
	(559, '627797550-1', '소설', 'Armadillo, giant', 'Royce', 'Yombu', 575, 25049, 'noimage.png', 'eu nibh quisque id justo sit amet sapien dignissim vestibulum vestibulum ante ipsum primis', '판매중', '2021-08-05 00:00:00', '2021-09-23 00:00:00'),
	(560, '036079460-2', '경제', 'Grey mouse lemur', 'Trista', 'Vinte', 570, 23913, 'noimage.png', 'sed accumsan felis ut at dolor quis odio consequat varius integer ac leo', '판매중', '2020-12-21 00:00:00', '2021-09-23 00:00:00'),
	(561, '043551186-6', '외국어', 'Parrot, hawk-headed', 'Fidel', 'Skyvu', 452, 24746, 'noimage.png', 'ridiculus mus vivamus vestibulum sagittis sapien cum sociis natoque penatibus et magnis dis', '절판', '2020-11-02 00:00:00', '2021-09-23 00:00:00'),
	(562, '756995124-7', '만화', 'Woodpecker, red-headed', 'Tremaine', 'Voolith', 532, 11189, 'noimage.png', 'nulla facilisi cras non velit nec nisi vulputate nonummy maecenas tincidunt', '판매중', '2021-03-22 00:00:00', '2021-09-23 00:00:00'),
	(563, '393462164-3', '경제', 'Greylag goose', 'Indira', 'Voonyx', 521, 17366, 'noimage.png', 'nulla neque libero convallis eget eleifend luctus ultricies eu nibh quisque id justo sit amet sapien dignissim vestibulum vestibulum ante', '품절', '2021-05-28 00:00:00', '2021-09-23 00:00:00'),
	(564, '066659020-6', '여행', 'Blue and yellow macaw', 'Margarita', 'Einti', 698, 22340, 'noimage.png', 'aenean sit amet justo morbi ut odio cras mi pede malesuada', '구편절판', '2021-03-13 00:00:00', '2021-09-23 00:00:00'),
	(565, '874966803-X', '컴퓨터', 'Deer, black-tailed', 'Veronica', 'Yadel', 561, 18851, 'noimage.png', 'nulla nisl nunc nisl duis bibendum felis sed interdum venenatis turpis enim', '판매중', '2021-09-07 00:00:00', '2021-09-23 00:00:00'),
	(566, '750056712-X', '컴퓨터', 'Cormorant, javanese', 'Tammi', 'Skinte', 305, 6906, 'noimage.png', 'porttitor lorem id ligula suspendisse ornare consequat lectus in est risus auctor sed tristique in tempus sit amet sem', '구편절판', '2021-02-09 00:00:00', '2021-09-23 00:00:00'),
	(567, '392457580-0', '경제', 'Duiker, common', 'Maryellen', 'Thoughtmix', 123, 16213, 'noimage.png', 'integer aliquet massa id lobortis convallis tortor risus dapibus augue vel accumsan tellus nisi eu orci mauris lacinia sapien', '절판', '2021-03-10 00:00:00', '2021-09-23 00:00:00'),
	(568, '567721534-1', '만화', 'Otter, oriental short-clawed', 'Octavia', 'Miboo', 188, 21855, 'noimage.png', 'congue vivamus metus arcu adipiscing molestie hendrerit at vulputate vitae', '품절', '2021-05-15 00:00:00', '2021-09-23 00:00:00'),
	(569, '928716618-8', '여행', 'Worm snake (unidentified)', 'Rowney', 'Blogspan', 879, 26224, 'noimage.png', 'mi in porttitor pede justo eu massa donec dapibus duis at velit eu est congue elementum', '품절', '2020-12-16 00:00:00', '2021-09-23 00:00:00'),
	(570, '614086356-2', '컴퓨터', 'Mountain goat', 'Emlyn', 'Oba', 222, 21686, 'noimage.png', 'pede justo eu massa donec dapibus duis at velit eu est congue elementum in hac habitasse', '품절', '2020-10-12 00:00:00', '2021-09-23 00:00:00'),
	(571, '631271546-9', '컴퓨터', 'Black-capped capuchin', 'Cathi', 'Gevee', 642, 6276, 'noimage.png', 'eget tempus vel pede morbi porttitor lorem id ligula suspendisse', '절판', '2021-04-29 00:00:00', '2021-09-23 00:00:00'),
	(572, '165601062-3', '소설', 'Two-toed sloth', 'Scarlet', 'Bluejam', 538, 11394, 'noimage.png', 'quam fringilla rhoncus mauris enim leo rhoncus sed vestibulum sit amet cursus id turpis integer aliquet massa id', '구편절판', '2021-09-19 00:00:00', '2021-09-23 00:00:00'),
	(573, '109597415-7', '컴퓨터', 'Bengal vulture', 'Xylia', 'Pixonyx', 155, 25943, 'noimage.png', 'lorem quisque ut erat curabitur gravida nisi at nibh in hac habitasse platea dictumst aliquam augue quam', '품절', '2020-11-16 00:00:00', '2021-09-23 00:00:00'),
	(574, '385219763-5', '만화', 'American woodcock', 'Verna', 'Skajo', 453, 21844, 'noimage.png', 'tincidunt eget tempus vel pede morbi porttitor lorem id ligula suspendisse ornare consequat lectus in est risus auctor sed tristique', '품절', '2020-09-25 00:00:00', '2021-09-23 00:00:00'),
	(575, '643726970-7', '외국어', 'Devil, tasmanian', 'Fredia', 'Gigabox', 722, 6038, 'noimage.png', 'nullam porttitor lacus at turpis donec posuere metus vitae ipsum aliquam non', '구편절판', '2021-09-06 00:00:00', '2021-09-23 00:00:00'),
	(576, '423506613-7', '만화', 'Squirrel, eastern fox', 'Elbert', 'Jayo', 390, 11850, 'noimage.png', 'eget orci vehicula condimentum curabitur in libero ut massa volutpat convallis morbi odio odio elementum eu', '품절', '2021-01-22 00:00:00', '2021-09-23 00:00:00'),
	(577, '655718109-2', '컴퓨터', 'Hummingbird (unidentified)', 'Sacha', 'Twiyo', 614, 28573, 'noimage.png', 'id pretium iaculis diam erat fermentum justo nec condimentum neque sapien placerat ante', '구편절판', '2020-12-21 00:00:00', '2021-09-23 00:00:00'),
	(578, '494529748-7', '여행', 'Wolf spider', 'Nancey', 'Browsetype', 140, 10336, 'noimage.png', 'volutpat convallis morbi odio odio elementum eu interdum eu tincidunt', '판매중', '2021-05-17 00:00:00', '2021-09-23 00:00:00'),
	(579, '137078548-8', '만화', 'Hoary marmot', 'Niall', 'Shufflebeat', 659, 26863, 'noimage.png', 'primis in faucibus orci luctus et ultrices posuere cubilia curae duis faucibus accumsan odio curabitur convallis duis consequat', '품절', '2021-07-13 00:00:00', '2021-09-23 00:00:00'),
	(580, '622635204-3', '외국어', 'Kori bustard', 'Winfred', 'Lazz', 824, 18365, 'noimage.png', 'sed interdum venenatis turpis enim blandit mi in porttitor pede', '판매중', '2021-07-31 00:00:00', '2021-09-23 00:00:00'),
	(581, '858546942-0', '소설', 'Olive baboon', 'Theressa', 'Devshare', 870, 10497, 'noimage.png', 'venenatis tristique fusce congue diam id ornare imperdiet sapien urna pretium nisl ut', '품절', '2021-04-26 00:00:00', '2021-09-23 00:00:00'),
	(582, '375680930-7', '외국어', 'Field flicker', 'Terry', 'Realcube', 522, 24789, 'noimage.png', 'ligula suspendisse ornare consequat lectus in est risus auctor sed tristique in tempus sit amet sem', '품절', '2021-03-24 00:00:00', '2021-09-23 00:00:00'),
	(583, '257867240-7', '만화', 'Carmine bee-eater', 'Dallon', 'Mynte', 563, 15327, 'noimage.png', 'rutrum nulla tellus in sagittis dui vel nisl duis ac nibh fusce lacus', '절판', '2021-02-02 00:00:00', '2021-09-23 00:00:00'),
	(584, '626482000-8', '컴퓨터', 'Yellow-throated sandgrouse', 'Tuckie', 'Jaxnation', 319, 14305, 'noimage.png', 'lectus vestibulum quam sapien varius ut blandit non interdum in ante vestibulum ante ipsum primis in faucibus orci luctus et', '구편절판', '2021-02-11 00:00:00', '2021-09-23 00:00:00'),
	(585, '023146956-X', '컴퓨터', 'Dragon, komodo', 'Alejoa', 'Cogibox', 458, 9273, 'noimage.png', 'dapibus nulla suscipit ligula in lacus curabitur at ipsum ac tellus semper interdum mauris ullamcorper purus sit amet nulla quisque', '품절', '2020-10-02 00:00:00', '2021-09-23 00:00:00'),
	(586, '019713696-6', '만화', 'Common brushtail possum', 'Corry', 'Shufflebeat', 450, 7639, 'noimage.png', 'sed vel enim sit amet nunc viverra dapibus nulla suscipit ligula in lacus curabitur at ipsum ac', '구편절판', '2021-02-15 00:00:00', '2021-09-23 00:00:00'),
	(587, '366039948-5', '여행', 'Rhinoceros, black', 'Charyl', 'Voonder', 497, 28039, 'noimage.png', 'suspendisse potenti nullam porttitor lacus at turpis donec posuere metus vitae ipsum aliquam non mauris morbi', '구편절판', '2021-05-05 00:00:00', '2021-09-23 00:00:00'),
	(588, '218556338-6', '경제', 'Ass, asiatic wild', 'Carmencita', 'Edgepulse', 692, 5148, 'noimage.png', 'id mauris vulputate elementum nullam varius nulla facilisi cras non velit nec nisi vulputate nonummy maecenas tincidunt lacus at', '절판', '2021-03-09 00:00:00', '2021-09-23 00:00:00'),
	(589, '318035248-5', '경제', 'Fork-tailed drongo', 'Nefen', 'Skajo', 463, 24605, 'noimage.png', 'sollicitudin ut suscipit a feugiat et eros vestibulum ac est lacinia nisi venenatis tristique fusce congue diam id ornare', '절판', '2021-08-15 00:00:00', '2021-09-23 00:00:00'),
	(590, '623708806-7', '소설', 'Ox, musk', 'Lefty', 'Feednation', 616, 13224, 'noimage.png', 'in hac habitasse platea dictumst maecenas ut massa quis augue luctus tincidunt nulla mollis molestie lorem quisque ut', '구편절판', '2021-07-30 00:00:00', '2021-09-23 00:00:00'),
	(591, '673540077-1', '경제', 'Madagascar fruit bat', 'Quintus', 'Skippad', 274, 14993, 'noimage.png', 'et ultrices posuere cubilia curae mauris viverra diam vitae quam suspendisse potenti nullam', '절판', '2021-04-25 00:00:00', '2021-09-23 00:00:00'),
	(592, '406109075-5', '경제', 'Chickadee, black-capped', 'Otha', 'Jabberbean', 776, 13077, 'noimage.png', 'dui proin leo odio porttitor id consequat in consequat ut nulla sed accumsan felis ut', '판매중', '2021-07-28 00:00:00', '2021-09-23 00:00:00'),
	(593, '062682909-7', '소설', 'Wildebeest, blue', 'Zacharias', 'Fivespan', 167, 23316, 'noimage.png', 'luctus nec molestie sed justo pellentesque viverra pede ac diam cras', '판매중', '2021-01-04 00:00:00', '2021-09-23 00:00:00'),
	(594, '001856333-3', '외국어', 'Tawny eagle', 'Hendrika', 'Jayo', 678, 15180, 'noimage.png', 'sem duis aliquam convallis nunc proin at turpis a pede posuere nonummy integer non velit donec diam neque vestibulum eget', '절판', '2021-08-30 00:00:00', '2021-09-23 00:00:00'),
	(595, '812243082-1', '여행', 'Francolin, coqui', 'Carlin', 'Tagchat', 557, 24411, 'noimage.png', 'volutpat convallis morbi odio odio elementum eu interdum eu tincidunt in leo maecenas pulvinar', '판매중', '2021-02-14 00:00:00', '2021-09-23 00:00:00'),
	(596, '125160181-2', '소설', 'White-winged black tern', 'Hercule', 'Eadel', 992, 17922, 'noimage.png', 'etiam justo etiam pretium iaculis justo in hac habitasse platea dictumst', '품절', '2021-08-18 00:00:00', '2021-09-23 00:00:00'),
	(597, '419365284-X', '컴퓨터', 'Lechwe, kafue flats', 'Essie', 'Avamm', 474, 23214, 'noimage.png', 'magna ac consequat metus sapien ut nunc vestibulum ante ipsum primis', '구편절판', '2021-09-08 00:00:00', '2021-09-23 00:00:00'),
	(598, '960530758-8', '외국어', 'Stork, european', 'Luther', 'Camimbo', 243, 24942, 'noimage.png', 'sociis natoque penatibus et magnis dis parturient montes nascetur ridiculus mus etiam vel augue vestibulum rutrum', '절판', '2021-01-16 00:00:00', '2021-09-23 00:00:00'),
	(599, '025485200-9', '경제', 'Plains zebra', 'Bathsheba', 'Browsetype', 522, 22806, 'noimage.png', 'amet consectetuer adipiscing elit proin interdum mauris non ligula pellentesque ultrices phasellus id sapien in sapien iaculis congue vivamus metus', '품절', '2021-05-16 00:00:00', '2021-09-23 00:00:00'),
	(600, '106461678-X', '만화', 'Shrike, southern white-crowned', 'Jewell', 'Zoomcast', 694, 22244, 'noimage.png', 'habitasse platea dictumst morbi vestibulum velit id pretium iaculis diam erat', '판매중', '2021-08-21 00:00:00', '2021-09-23 00:00:00'),
	(601, '415912662-6', '컴퓨터', 'Red-breasted nuthatch', 'Jacky', 'Divape', 603, 16289, 'noimage.png', 'quis libero nullam sit amet turpis elementum ligula vehicula consequat morbi a ipsum integer a nibh in quis justo', '구편절판', '2021-01-08 00:00:00', '2021-09-23 00:00:00'),
	(602, '510205542-9', '컴퓨터', 'Red hartebeest', 'Lorelle', 'Babbleset', 109, 8339, 'noimage.png', 'erat vestibulum sed magna at nunc commodo placerat praesent blandit nam nulla integer pede justo lacinia', '품절', '2021-02-11 00:00:00', '2021-09-23 00:00:00'),
	(603, '178216518-5', '컴퓨터', 'Common ringtail', 'Stacey', 'Shufflebeat', 363, 23610, 'noimage.png', 'venenatis non sodales sed tincidunt eu felis fusce posuere felis sed lacus morbi sem mauris laoreet ut', '판매중', '2020-12-06 00:00:00', '2021-09-23 00:00:00'),
	(604, '998792135-3', '여행', 'Brazilian otter', 'Justen', 'Jetwire', 662, 27533, 'noimage.png', 'donec quis orci eget orci vehicula condimentum curabitur in libero ut massa volutpat convallis morbi odio odio elementum eu interdum', '구편절판', '2021-06-04 00:00:00', '2021-09-23 00:00:00'),
	(605, '204058718-7', '소설', 'Eurasian badger', 'Stephenie', 'Meezzy', 704, 13666, 'noimage.png', 'duis aliquam convallis nunc proin at turpis a pede posuere nonummy integer non velit donec diam', '구편절판', '2021-06-15 00:00:00', '2021-09-23 00:00:00'),
	(606, '286316684-0', '컴퓨터', 'Marmot, hoary', 'Perceval', 'Ntags', 463, 14887, 'noimage.png', 'rhoncus aliquam lacus morbi quis tortor id nulla ultrices aliquet maecenas leo odio condimentum id luctus nec molestie', '판매중', '2021-03-30 00:00:00', '2021-09-23 00:00:00'),
	(607, '850778271-X', '컴퓨터', 'Canada goose', 'Cleveland', 'Riffpedia', 622, 15724, 'noimage.png', 'sapien in sapien iaculis congue vivamus metus arcu adipiscing molestie hendrerit at vulputate', '절판', '2021-08-31 00:00:00', '2021-09-23 00:00:00'),
	(608, '118582857-5', '소설', 'Black-crowned night heron', 'Jo', 'Talane', 746, 25907, 'noimage.png', 'mi sit amet lobortis sapien sapien non mi integer ac neque duis bibendum morbi non quam nec', '절판', '2021-07-28 00:00:00', '2021-09-23 00:00:00'),
	(609, '183317439-9', '경제', 'Blue-tongued skink', 'Shirley', 'Snaptags', 968, 20629, 'noimage.png', 'cubilia curae duis faucibus accumsan odio curabitur convallis duis consequat dui nec nisi volutpat eleifend donec', '품절', '2020-09-28 00:00:00', '2021-09-23 00:00:00'),
	(610, '798651701-8', '외국어', 'Pied kingfisher', 'Lola', 'Eadel', 428, 20532, 'noimage.png', 'justo maecenas rhoncus aliquam lacus morbi quis tortor id nulla ultrices aliquet maecenas leo odio', '구편절판', '2021-04-27 00:00:00', '2021-09-23 00:00:00'),
	(611, '626781440-8', '만화', 'Wallaby, tammar', 'Van', 'Fadeo', 609, 12632, 'noimage.png', 'vivamus vel nulla eget eros elementum pellentesque quisque porta volutpat erat quisque erat eros viverra eget congue eget', '구편절판', '2021-03-19 00:00:00', '2021-09-23 00:00:00'),
	(612, '207642990-5', '외국어', 'Gull, pacific', 'Carrol', 'Skinix', 610, 11226, 'noimage.png', 'at velit eu est congue elementum in hac habitasse platea dictumst morbi vestibulum velit id pretium iaculis diam', '품절', '2020-09-23 00:00:00', '2021-09-23 00:00:00'),
	(613, '102889722-7', '경제', 'Sheep, red', 'Andre', 'Livepath', 288, 14697, 'noimage.png', 'metus sapien ut nunc vestibulum ante ipsum primis in faucibus orci luctus et', '품절', '2021-07-15 00:00:00', '2021-09-23 00:00:00'),
	(614, '179820581-5', '소설', 'Jackal, asiatic', 'Korie', 'Katz', 570, 13064, 'noimage.png', 'aliquet ultrices erat tortor sollicitudin mi sit amet lobortis sapien sapien non mi integer ac neque duis bibendum morbi non', '판매중', '2021-08-12 00:00:00', '2021-09-23 00:00:00'),
	(615, '316571960-8', '경제', 'Lesser masked weaver', 'Lane', 'Kazu', 336, 24536, 'noimage.png', 'interdum eu tincidunt in leo maecenas pulvinar lobortis est phasellus sit amet', '절판', '2021-02-19 00:00:00', '2021-09-23 00:00:00'),
	(616, '321462135-1', '컴퓨터', 'Ferruginous hawk', 'Odo', 'Thoughtstorm', 850, 26799, 'noimage.png', 'congue eget semper rutrum nulla nunc purus phasellus in felis donec semper sapien a libero nam dui', '구편절판', '2021-03-17 00:00:00', '2021-09-23 00:00:00'),
	(617, '322079125-5', '컴퓨터', 'Wallaby, bennett\'s', 'Randal', 'Oyoba', 799, 29134, 'noimage.png', 'vestibulum ante ipsum primis in faucibus orci luctus et ultrices posuere cubilia curae donec pharetra magna vestibulum aliquet', '품절', '2021-02-17 00:00:00', '2021-09-23 00:00:00'),
	(618, '450296754-8', '여행', 'Emerald-spotted wood dove', 'Melesa', 'Skyndu', 474, 5096, 'noimage.png', 'lacinia aenean sit amet justo morbi ut odio cras mi pede', '절판', '2020-10-07 00:00:00', '2021-09-23 00:00:00'),
	(619, '679118870-7', '여행', 'Greylag goose', 'Cyndie', 'Wordpedia', 270, 8446, 'noimage.png', 'purus sit amet nulla quisque arcu libero rutrum ac lobortis vel dapibus at', '판매중', '2021-04-04 00:00:00', '2021-09-23 00:00:00'),
	(620, '908982631-9', '여행', 'Sociable weaver', 'Phebe', 'Photospace', 436, 22434, 'noimage.png', 'eu est congue elementum in hac habitasse platea dictumst morbi vestibulum velit', '판매중', '2021-09-08 00:00:00', '2021-09-23 00:00:00'),
	(621, '277585563-6', '여행', 'Little heron', 'Chastity', 'Jaxspan', 740, 22745, 'noimage.png', 'nisl ut volutpat sapien arcu sed augue aliquam erat volutpat in congue etiam justo', '품절', '2021-09-10 00:00:00', '2021-09-23 00:00:00'),
	(622, '892658308-2', '만화', 'Thrasher, curve-billed', 'Bendicty', 'Meezzy', 905, 17658, 'noimage.png', 'feugiat et eros vestibulum ac est lacinia nisi venenatis tristique fusce congue diam id', '품절', '2021-04-05 00:00:00', '2021-09-23 00:00:00'),
	(623, '597820761-5', '만화', 'Gnu, brindled', 'Matilde', 'Oba', 129, 25903, 'noimage.png', 'in faucibus orci luctus et ultrices posuere cubilia curae mauris viverra diam vitae quam suspendisse potenti', '구편절판', '2021-02-02 00:00:00', '2021-09-23 00:00:00'),
	(624, '232030287-5', '경제', 'Campo flicker', 'Pennie', 'Twimbo', 998, 6471, 'noimage.png', 'in consequat ut nulla sed accumsan felis ut at dolor quis odio consequat', '판매중', '2021-09-16 00:00:00', '2021-09-23 00:00:00'),
	(625, '750253826-7', '여행', 'Possum, ring-tailed', 'Melba', 'Layo', 804, 6190, 'noimage.png', 'sem fusce consequat nulla nisl nunc nisl duis bibendum felis sed interdum', '구편절판', '2021-03-28 00:00:00', '2021-09-23 00:00:00'),
	(626, '604208274-4', '소설', 'Grenadier, purple', 'Gertruda', 'Zoomdog', 212, 12850, 'noimage.png', 'sit amet justo morbi ut odio cras mi pede malesuada in imperdiet et commodo', '품절', '2021-07-06 00:00:00', '2021-09-23 00:00:00'),
	(627, '707135877-X', '소설', 'Yellow-brown sungazer', 'Lora', 'Yodel', 143, 29107, 'noimage.png', 'in felis eu sapien cursus vestibulum proin eu mi nulla ac enim in tempor turpis nec euismod scelerisque quam', '판매중', '2021-05-14 00:00:00', '2021-09-23 00:00:00'),
	(628, '732974846-3', '경제', 'Kirk\'s dik dik', 'Hort', 'Katz', 809, 13625, 'noimage.png', 'sem fusce consequat nulla nisl nunc nisl duis bibendum felis', '절판', '2021-02-06 00:00:00', '2021-09-23 00:00:00'),
	(629, '390901232-9', '컴퓨터', 'Whale, killer', 'Ingra', 'Thoughtblab', 459, 13559, 'noimage.png', 'hac habitasse platea dictumst aliquam augue quam sollicitudin vitae consectetuer eget rutrum at lorem integer tincidunt ante vel ipsum praesent', '절판', '2020-12-15 00:00:00', '2021-09-23 00:00:00'),
	(630, '130334942-6', '소설', 'Flicker, campo', 'Felicia', 'Digitube', 194, 21857, 'noimage.png', 'suspendisse ornare consequat lectus in est risus auctor sed tristique in tempus sit amet sem fusce consequat', '판매중', '2020-10-15 00:00:00', '2021-09-23 00:00:00'),
	(631, '962145177-9', '컴퓨터', 'Dragon, netted rock', 'Ev', 'Devshare', 523, 23105, 'noimage.png', 'bibendum morbi non quam nec dui luctus rutrum nulla tellus', '구편절판', '2021-02-28 00:00:00', '2021-09-23 00:00:00'),
	(632, '413144961-7', '경제', 'Black-crowned crane', 'Noelyn', 'Twitternation', 811, 28021, 'noimage.png', 'dui vel sem sed sagittis nam congue risus semper porta volutpat quam pede lobortis ligula sit amet eleifend', '판매중', '2021-05-02 00:00:00', '2021-09-23 00:00:00'),
	(633, '093937882-5', '외국어', 'Defassa waterbuck', 'Joyann', 'Vimbo', 883, 19967, 'noimage.png', 'amet nulla quisque arcu libero rutrum ac lobortis vel dapibus at diam nam tristique tortor eu', '절판', '2021-06-29 00:00:00', '2021-09-23 00:00:00'),
	(634, '192208901-X', '소설', 'Chilean flamingo', 'Latrina', 'Gigabox', 413, 23263, 'noimage.png', 'vel accumsan tellus nisi eu orci mauris lacinia sapien quis libero', '구편절판', '2021-03-12 00:00:00', '2021-09-23 00:00:00'),
	(635, '239393713-7', '컴퓨터', 'Bird, bare-faced go away', 'Leonelle', 'Lazzy', 556, 5238, 'noimage.png', 'luctus nec molestie sed justo pellentesque viverra pede ac diam cras pellentesque volutpat dui maecenas tristique', '절판', '2020-11-04 00:00:00', '2021-09-23 00:00:00'),
	(636, '995796032-6', '외국어', 'Weaver, lesser masked', 'Gus', 'Aimbo', 357, 11446, 'noimage.png', 'mi nulla ac enim in tempor turpis nec euismod scelerisque quam turpis adipiscing lorem vitae mattis', '품절', '2021-02-15 00:00:00', '2021-09-23 00:00:00'),
	(637, '530533181-1', '외국어', 'Little grebe', 'Tammie', 'Meejo', 202, 19745, 'noimage.png', 'purus eu magna vulputate luctus cum sociis natoque penatibus et', '구편절판', '2021-08-17 00:00:00', '2021-09-23 00:00:00'),
	(638, '337509377-2', '만화', 'Racer, american', 'Nikolai', 'Ainyx', 382, 29444, 'noimage.png', 'quisque ut erat curabitur gravida nisi at nibh in hac habitasse platea dictumst aliquam augue quam', '품절', '2021-09-21 00:00:00', '2021-09-23 00:00:00'),
	(639, '841611387-4', '여행', 'Racer, american', 'Gilberte', 'Babbleblab', 840, 16928, 'noimage.png', 'sit amet cursus id turpis integer aliquet massa id lobortis convallis tortor risus dapibus augue vel accumsan tellus nisi', '품절', '2021-06-04 00:00:00', '2021-09-23 00:00:00'),
	(640, '074841726-5', '외국어', 'California sea lion', 'Lynsey', 'Omba', 998, 16234, 'noimage.png', 'nec nisi vulputate nonummy maecenas tincidunt lacus at velit vivamus vel nulla eget eros elementum pellentesque quisque porta volutpat erat', '품절', '2020-12-23 00:00:00', '2021-09-23 00:00:00'),
	(641, '761183365-0', '경제', 'Collared lizard', 'Reggie', 'Wordify', 806, 19734, 'noimage.png', 'tincidunt lacus at velit vivamus vel nulla eget eros elementum pellentesque quisque porta volutpat erat quisque erat', '구편절판', '2021-03-05 00:00:00', '2021-09-23 00:00:00'),
	(642, '346901668-2', '만화', 'Laughing kookaburra', 'Jade', 'Twitterwire', 257, 24628, 'noimage.png', 'vestibulum ante ipsum primis in faucibus orci luctus et ultrices posuere cubilia curae donec pharetra magna vestibulum aliquet', '품절', '2021-06-15 00:00:00', '2021-09-23 00:00:00'),
	(643, '618173776-6', '경제', 'Pelican, australian', 'Che', 'Dynabox', 659, 25625, 'noimage.png', 'sodales scelerisque mauris sit amet eros suspendisse accumsan tortor quis turpis sed ante vivamus tortor duis mattis egestas metus', '구편절판', '2020-10-06 00:00:00', '2021-09-23 00:00:00'),
	(644, '965380789-7', '만화', 'Possum, common brushtail', 'Kyrstin', 'Photofeed', 967, 11931, 'noimage.png', 'laoreet ut rhoncus aliquet pulvinar sed nisl nunc rhoncus dui vel sem sed sagittis nam', '품절', '2021-02-15 00:00:00', '2021-09-23 00:00:00'),
	(645, '836902685-0', '소설', 'Desert tortoise', 'Petronia', 'Oyoba', 275, 19536, 'noimage.png', 'accumsan odio curabitur convallis duis consequat dui nec nisi volutpat eleifend donec ut dolor morbi vel lectus', '구편절판', '2021-01-24 00:00:00', '2021-09-23 00:00:00'),
	(646, '197741146-0', '여행', 'Roseat flamingo', 'Tana', 'Voonix', 676, 8731, 'noimage.png', 'viverra pede ac diam cras pellentesque volutpat dui maecenas tristique est', '품절', '2021-04-21 00:00:00', '2021-09-23 00:00:00'),
	(647, '363814525-5', '외국어', 'White-throated monitor', 'Archaimbaud', 'Muxo', 149, 27440, 'noimage.png', 'dolor sit amet consectetuer adipiscing elit proin interdum mauris non ligula pellentesque ultrices phasellus id sapien in sapien iaculis', '절판', '2021-01-28 00:00:00', '2021-09-23 00:00:00'),
	(648, '643318393-X', '여행', 'Burmese brown mountain tortoise', 'Douglas', 'Bubblebox', 901, 11099, 'noimage.png', 'libero nam dui proin leo odio porttitor id consequat in consequat ut', '판매중', '2021-04-03 00:00:00', '2021-09-23 00:00:00'),
	(649, '740789547-3', '여행', 'Ant (unidentified)', 'Borden', 'Devcast', 388, 13847, 'noimage.png', 'quam pharetra magna ac consequat metus sapien ut nunc vestibulum ante ipsum primis in faucibus orci', '판매중', '2020-12-25 00:00:00', '2021-09-23 00:00:00'),
	(650, '772803497-9', '경제', 'Tree porcupine', 'Keriann', 'Lajo', 457, 15722, 'noimage.png', 'in imperdiet et commodo vulputate justo in blandit ultrices enim', '절판', '2021-03-17 00:00:00', '2021-09-23 00:00:00'),
	(651, '403667709-8', '컴퓨터', 'Tern, white-winged black', 'Carmen', 'Avavee', 242, 8600, 'noimage.png', 'sit amet eleifend pede libero quis orci nullam molestie nibh in lectus pellentesque at nulla', '구편절판', '2021-06-22 00:00:00', '2021-09-23 00:00:00'),
	(652, '508595265-0', '외국어', 'Alpaca', 'Bryana', 'Feedfire', 441, 24948, 'noimage.png', 'rutrum at lorem integer tincidunt ante vel ipsum praesent blandit lacinia erat vestibulum sed magna at nunc', '구편절판', '2021-02-02 00:00:00', '2021-09-23 00:00:00'),
	(653, '986822835-2', '외국어', 'Sungazer, yellow-brown', 'Harlin', 'Skynoodle', 354, 12733, 'noimage.png', 'habitasse platea dictumst morbi vestibulum velit id pretium iaculis diam erat fermentum justo nec condimentum', '구편절판', '2021-07-29 00:00:00', '2021-09-23 00:00:00'),
	(654, '105067367-0', '여행', 'Native cat', 'Edwin', 'Youspan', 820, 15006, 'noimage.png', 'justo lacinia eget tincidunt eget tempus vel pede morbi porttitor lorem id ligula suspendisse ornare consequat lectus in', '판매중', '2021-08-23 00:00:00', '2021-09-23 00:00:00'),
	(655, '096019618-8', '컴퓨터', 'Rabbit, eastern cottontail', 'Alis', 'Buzzdog', 450, 11427, 'noimage.png', 'curae mauris viverra diam vitae quam suspendisse potenti nullam porttitor lacus at turpis donec', '판매중', '2021-03-08 00:00:00', '2021-09-23 00:00:00'),
	(656, '230892380-6', '만화', 'Common wombat', 'Zonnya', 'Topicshots', 966, 10149, 'noimage.png', 'eget tempus vel pede morbi porttitor lorem id ligula suspendisse ornare consequat lectus in est', '품절', '2021-01-31 00:00:00', '2021-09-23 00:00:00'),
	(657, '142004673-X', '외국어', 'Roseate cockatoo', 'Emalia', 'Twimm', 915, 18415, 'noimage.png', 'pede justo eu massa donec dapibus duis at velit eu est congue', '판매중', '2021-07-25 00:00:00', '2021-09-23 00:00:00'),
	(658, '178238443-X', '소설', 'Short-nosed bandicoot', 'Antoine', 'Ailane', 313, 11450, 'noimage.png', 'sem mauris laoreet ut rhoncus aliquet pulvinar sed nisl nunc rhoncus dui vel', '구편절판', '2020-11-21 00:00:00', '2021-09-23 00:00:00'),
	(660, '140281011-3', '만화', 'Cape white-eye', 'Franchot', 'Viva', 806, 12997, 'noimage.png', 'sed magna at nunc commodo placerat praesent blandit nam nulla', '판매중', '2021-02-05 00:00:00', '2021-09-23 00:00:00'),
	(661, '565755480-9', '만화', 'Mourning collared dove', 'Gallagher', 'Plajo', 368, 15953, 'noimage.png', 'enim in tempor turpis nec euismod scelerisque quam turpis adipiscing lorem vitae mattis nibh ligula nec sem duis aliquam', '절판', '2021-06-19 00:00:00', '2021-09-23 00:00:00'),
	(662, '656785174-0', '여행', 'American bighorn sheep', 'Hobie', 'Oyondu', 459, 26897, 'noimage.png', 'morbi a ipsum integer a nibh in quis justo maecenas rhoncus aliquam lacus', '구편절판', '2021-03-12 00:00:00', '2021-09-23 00:00:00'),
	(663, '563275007-8', '여행', 'Hartebeest, red', 'Waylin', 'Kanoodle', 911, 13769, 'noimage.png', 'sit amet justo morbi ut odio cras mi pede malesuada in', '판매중', '2021-04-13 00:00:00', '2021-09-23 00:00:00'),
	(664, '008945263-1', '여행', 'Goose, andean', 'Isabelita', 'Youfeed', 995, 18760, 'noimage.png', 'ridiculus mus etiam vel augue vestibulum rutrum rutrum neque aenean auctor gravida sem praesent id massa', '품절', '2020-12-31 00:00:00', '2021-09-23 00:00:00'),
	(665, '589065244-3', '외국어', 'Beaver, eurasian', 'Inigo', 'Vimbo', 994, 26443, 'noimage.png', 'faucibus orci luctus et ultrices posuere cubilia curae mauris viverra diam vitae quam suspendisse potenti nullam porttitor lacus at', '품절', '2021-08-19 00:00:00', '2021-09-23 00:00:00'),
	(666, '906218765-X', '컴퓨터', 'Seal, common', 'Lorilee', 'Bluejam', 744, 23257, 'noimage.png', 'nulla ut erat id mauris vulputate elementum nullam varius nulla facilisi', '판매중', '2021-01-13 00:00:00', '2021-09-23 00:00:00'),
	(667, '589268663-9', '만화', 'Red-tailed wambenger', 'Annmarie', 'Livefish', 387, 17071, 'noimage.png', 'maecenas pulvinar lobortis est phasellus sit amet erat nulla tempus vivamus', '품절', '2020-10-29 00:00:00', '2021-09-23 00:00:00'),
	(668, '619915349-9', '경제', 'Bird, pied butcher', 'Andrej', 'Skipstorm', 425, 18605, 'noimage.png', 'viverra eget congue eget semper rutrum nulla nunc purus phasellus in felis donec semper sapien a libero nam dui proin', '판매중', '2021-06-24 00:00:00', '2021-09-23 00:00:00'),
	(669, '192190408-9', '여행', 'Horned lark', 'Reynolds', 'Yabox', 158, 22022, 'noimage.png', 'quis orci eget orci vehicula condimentum curabitur in libero ut massa volutpat convallis morbi odio odio elementum eu interdum', '품절', '2021-08-07 00:00:00', '2021-09-23 00:00:00'),
	(670, '093329364-X', '컴퓨터', 'Greater sage grouse', 'Stacey', 'Wikibox', 455, 27381, 'noimage.png', 'amet justo morbi ut odio cras mi pede malesuada in imperdiet et commodo vulputate justo in blandit ultrices enim', '판매중', '2021-02-10 00:00:00', '2021-09-23 00:00:00'),
	(671, '068149479-4', '여행', 'Topi', 'Jody', 'Twinder', 427, 21022, 'noimage.png', 'etiam justo etiam pretium iaculis justo in hac habitasse platea', '품절', '2021-06-30 00:00:00', '2021-09-23 00:00:00'),
	(672, '984829560-7', '외국어', 'Badger, european', 'Tucker', 'Jayo', 242, 22871, 'noimage.png', 'tempus semper est quam pharetra magna ac consequat metus sapien ut', '품절', '2021-09-02 00:00:00', '2021-09-23 00:00:00'),
	(673, '762755847-6', '만화', 'Armadillo, common long-nosed', 'Bartlett', 'Mydo', 778, 13733, 'noimage.png', 'odio justo sollicitudin ut suscipit a feugiat et eros vestibulum ac est lacinia nisi venenatis tristique fusce congue diam id', '품절', '2021-07-13 00:00:00', '2021-09-23 00:00:00'),
	(674, '371193775-6', '소설', 'Lechwe, kafue flats', 'Tasia', 'Agimba', 684, 11186, 'noimage.png', 'nam congue risus semper porta volutpat quam pede lobortis ligula sit amet eleifend pede libero quis orci nullam molestie nibh', '구편절판', '2021-02-15 00:00:00', '2021-09-23 00:00:00'),
	(675, '417622806-7', '경제', 'Japanese macaque', 'Lyndy', 'Snaptags', 236, 10438, 'noimage.png', 'sed ante vivamus tortor duis mattis egestas metus aenean fermentum donec', '품절', '2021-07-10 00:00:00', '2021-09-23 00:00:00'),
	(676, '932528012-4', '소설', 'Black-capped chickadee', 'Dre', 'Innotype', 779, 14955, 'noimage.png', 'ante ipsum primis in faucibus orci luctus et ultrices posuere cubilia curae', '절판', '2021-06-01 00:00:00', '2021-09-23 00:00:00'),
	(677, '900479673-8', '외국어', 'Verreaux\'s sifaka', 'Jelene', 'Kaymbo', 114, 20709, 'noimage.png', 'scelerisque quam turpis adipiscing lorem vitae mattis nibh ligula nec sem', '판매중', '2021-02-15 00:00:00', '2021-09-23 00:00:00'),
	(678, '643345484-4', '컴퓨터', 'Teal, hottentot', 'Donovan', 'Skinix', 688, 14094, 'noimage.png', 'lacinia eget tincidunt eget tempus vel pede morbi porttitor lorem id ligula suspendisse ornare', '판매중', '2020-10-16 00:00:00', '2021-09-23 00:00:00'),
	(679, '446130952-5', '경제', 'Marmot, yellow-bellied', 'Annmarie', 'Vimbo', 990, 21781, 'noimage.png', 'ipsum primis in faucibus orci luctus et ultrices posuere cubilia curae mauris viverra diam vitae quam suspendisse potenti nullam', '판매중', '2021-08-14 00:00:00', '2021-09-23 00:00:00'),
	(680, '141520286-9', '여행', 'Tortoise, burmese black mountain', 'Corney', 'Lazz', 689, 6339, 'noimage.png', 'congue elementum in hac habitasse platea dictumst morbi vestibulum velit id pretium iaculis diam erat fermentum justo', '구편절판', '2021-07-03 00:00:00', '2021-09-23 00:00:00'),
	(681, '497671691-0', '외국어', 'Phalarope, grey', 'Coop', 'Omba', 730, 15234, 'noimage.png', 'ut mauris eget massa tempor convallis nulla neque libero convallis eget eleifend luctus ultricies eu nibh quisque', '판매중', '2021-08-29 00:00:00', '2021-09-23 00:00:00'),
	(682, '099048513-7', '외국어', 'Bear, polar', 'Helen-elizabeth', 'Dabfeed', 156, 12163, 'noimage.png', 'quisque erat eros viverra eget congue eget semper rutrum nulla nunc purus phasellus', '품절', '2020-11-07 00:00:00', '2021-09-23 00:00:00'),
	(683, '793299397-0', '소설', 'Gray langur', 'Jan', 'Buzzdog', 559, 10828, 'noimage.png', 'praesent blandit nam nulla integer pede justo lacinia eget tincidunt eget tempus vel pede morbi porttitor lorem', '구편절판', '2020-10-25 00:00:00', '2021-09-23 00:00:00'),
	(684, '968921757-7', '경제', 'Deer, savannah', 'Rhonda', 'Kwinu', 215, 19473, 'noimage.png', 'sit amet erat nulla tempus vivamus in felis eu sapien cursus vestibulum proin eu mi nulla ac enim in tempor', '품절', '2021-09-16 00:00:00', '2021-09-23 00:00:00'),
	(685, '540398377-5', '외국어', 'Lion, southern sea', 'Sascha', 'Skyble', 960, 10893, 'noimage.png', 'quis justo maecenas rhoncus aliquam lacus morbi quis tortor id nulla ultrices aliquet maecenas leo odio condimentum id luctus', '품절', '2021-01-09 00:00:00', '2021-09-23 00:00:00'),
	(686, '872361618-0', '소설', 'Western bearded dragon', 'Frayda', 'Latz', 753, 15329, 'noimage.png', 'fermentum justo nec condimentum neque sapien placerat ante nulla justo aliquam quis', '구편절판', '2021-08-10 00:00:00', '2021-09-23 00:00:00'),
	(687, '737971534-8', '외국어', 'Dark-winged trumpeter', 'Delinda', 'Camimbo', 563, 16803, 'noimage.png', 'ridiculus mus vivamus vestibulum sagittis sapien cum sociis natoque penatibus', '절판', '2020-12-14 00:00:00', '2021-09-23 00:00:00'),
	(688, '898976706-7', '만화', 'Starling, cape', 'Osbourn', 'Bubbletube', 337, 15022, 'noimage.png', 'ornare consequat lectus in est risus auctor sed tristique in tempus sit amet sem fusce consequat nulla nisl', '절판', '2021-05-21 00:00:00', '2021-09-23 00:00:00'),
	(689, '338046296-9', '만화', 'Pronghorn', 'Lyndell', 'Avamm', 347, 23632, 'noimage.png', 'eros suspendisse accumsan tortor quis turpis sed ante vivamus tortor duis mattis egestas metus aenean fermentum donec ut', '품절', '2021-05-25 00:00:00', '2021-09-23 00:00:00'),
	(690, '905592878-X', '여행', 'Lappet-faced vulture', 'Lanie', 'Pixoboo', 668, 7761, 'noimage.png', 'cubilia curae duis faucibus accumsan odio curabitur convallis duis consequat dui nec nisi volutpat eleifend donec ut', '판매중', '2021-03-04 00:00:00', '2021-09-23 00:00:00'),
	(691, '962865506-X', '외국어', 'Cockatoo, sulfur-crested', 'Tobit', 'Gabtype', 682, 17120, 'noimage.png', 'nulla mollis molestie lorem quisque ut erat curabitur gravida nisi at nibh in hac habitasse platea dictumst aliquam', '품절', '2020-10-08 00:00:00', '2021-09-23 00:00:00'),
	(692, '583012651-6', '컴퓨터', 'Sulfur-crested cockatoo', 'Millicent', 'LiveZ', 861, 13713, 'noimage.png', 'in lectus pellentesque at nulla suspendisse potenti cras in purus eu magna vulputate luctus cum sociis', '판매중', '2020-10-07 00:00:00', '2021-09-23 00:00:00'),
	(693, '559400549-8', '외국어', 'Eagle, white-bellied sea', 'Steffie', 'Yozio', 922, 11167, 'noimage.png', 'eget tempus vel pede morbi porttitor lorem id ligula suspendisse ornare consequat lectus in est', '품절', '2021-02-10 00:00:00', '2021-09-23 00:00:00'),
	(694, '265735818-7', '만화', 'Azara\'s zorro', 'Colly', 'Edgeify', 337, 29917, 'noimage.png', 'accumsan tellus nisi eu orci mauris lacinia sapien quis libero nullam sit amet turpis', '품절', '2021-04-20 00:00:00', '2021-09-23 00:00:00'),
	(695, '021560244-7', '소설', 'Red-breasted nuthatch', 'Swen', 'Quinu', 571, 19413, 'noimage.png', 'duis at velit eu est congue elementum in hac habitasse platea dictumst morbi vestibulum velit id pretium iaculis diam erat', '구편절판', '2020-10-18 00:00:00', '2021-09-23 00:00:00'),
	(696, '873022625-2', '소설', 'Bear, black', 'Bryn', 'Yadel', 388, 11449, 'noimage.png', 'a suscipit nulla elit ac nulla sed vel enim sit', '절판', '2020-09-28 00:00:00', '2021-09-23 00:00:00'),
	(697, '325597679-0', '여행', 'Paddy heron (unidentified)', 'Edie', 'Skiptube', 736, 12329, 'noimage.png', 'id nulla ultrices aliquet maecenas leo odio condimentum id luctus nec molestie sed justo pellentesque viverra pede ac diam', '절판', '2021-08-26 00:00:00', '2021-09-23 00:00:00'),
	(698, '618695388-2', '경제', 'Camel, dromedary', 'Stepha', 'Edgeify', 726, 8043, 'noimage.png', 'ac diam cras pellentesque volutpat dui maecenas tristique est et tempus semper', '구편절판', '2021-06-10 00:00:00', '2021-09-23 00:00:00'),
	(699, '175361070-2', '경제', 'Nelson ground squirrel', 'Sterne', 'Babbleblab', 194, 11370, 'noimage.png', 'erat curabitur gravida nisi at nibh in hac habitasse platea dictumst aliquam augue quam sollicitudin vitae consectetuer', '구편절판', '2021-01-18 00:00:00', '2021-09-23 00:00:00'),
	(700, '453219703-1', '경제', 'Small Indian mongoose', 'Webster', 'Dabvine', 120, 7058, 'noimage.png', 'semper est quam pharetra magna ac consequat metus sapien ut nunc vestibulum ante ipsum primis in faucibus orci luctus et', '절판', '2021-09-04 00:00:00', '2021-09-23 00:00:00'),
	(701, '115219374-0', '컴퓨터', 'Secretary bird', 'Linn', 'Eamia', 991, 15469, 'noimage.png', 'orci pede venenatis non sodales sed tincidunt eu felis fusce posuere felis sed lacus', '구편절판', '2021-06-17 00:00:00', '2021-09-23 00:00:00'),
	(702, '738453754-1', '소설', 'Lion, australian sea', 'Gayleen', 'Blognation', 540, 17253, 'noimage.png', 'fusce posuere felis sed lacus morbi sem mauris laoreet ut rhoncus aliquet pulvinar sed nisl nunc rhoncus dui', '구편절판', '2021-06-07 00:00:00', '2021-09-23 00:00:00'),
	(703, '775505222-2', '외국어', 'Kingfisher, pied', 'Flori', 'Fliptune', 956, 15328, 'noimage.png', 'congue etiam justo etiam pretium iaculis justo in hac habitasse platea dictumst etiam faucibus cursus urna ut', '절판', '2021-07-19 00:00:00', '2021-09-23 00:00:00'),
	(704, '635618773-5', '외국어', 'Buttermilk snake', 'Dale', 'Leenti', 960, 13905, 'noimage.png', 'nunc proin at turpis a pede posuere nonummy integer non velit', '판매중', '2020-11-03 00:00:00', '2021-09-23 00:00:00'),
	(705, '255112810-2', '외국어', 'Wambenger, red-tailed', 'Theo', 'Brainbox', 230, 5287, 'noimage.png', 'dapibus dolor vel est donec odio justo sollicitudin ut suscipit a feugiat et eros', '절판', '2021-07-18 00:00:00', '2021-09-23 00:00:00'),
	(706, '658115786-4', '컴퓨터', 'Galapagos dove', 'Jean', 'Meevee', 894, 28026, 'noimage.png', 'pede ac diam cras pellentesque volutpat dui maecenas tristique est et', '품절', '2020-09-24 00:00:00', '2021-09-23 00:00:00'),
	(707, '099184086-0', '컴퓨터', 'White-throated monitor', 'Guenevere', 'Youtags', 163, 15856, 'noimage.png', 'lacinia nisi venenatis tristique fusce congue diam id ornare imperdiet sapien urna pretium', '구편절판', '2021-04-28 00:00:00', '2021-09-23 00:00:00'),
	(708, '025308949-2', '컴퓨터', 'Cat, civet', 'Page', 'Edgewire', 295, 29909, 'noimage.png', 'quis justo maecenas rhoncus aliquam lacus morbi quis tortor id nulla ultrices aliquet maecenas leo odio condimentum id', '품절', '2021-06-10 00:00:00', '2021-09-23 00:00:00'),
	(709, '925872849-1', '여행', 'Eastern cottontail rabbit', 'Catha', 'Photobean', 626, 16788, 'noimage.png', 'rhoncus mauris enim leo rhoncus sed vestibulum sit amet cursus id', '구편절판', '2020-10-20 00:00:00', '2021-09-23 00:00:00'),
	(710, '714781172-0', '외국어', 'Dragon, netted rock', 'Ruperta', 'Jayo', 241, 23300, 'noimage.png', 'ligula sit amet eleifend pede libero quis orci nullam molestie nibh in lectus pellentesque at', '절판', '2021-04-21 00:00:00', '2021-09-23 00:00:00'),
	(711, '486874567-0', '외국어', 'Nighthawk, common', 'Hercule', 'Centimia', 899, 11105, 'noimage.png', 'posuere cubilia curae mauris viverra diam vitae quam suspendisse potenti nullam porttitor lacus at turpis donec posuere', '절판', '2021-07-17 00:00:00', '2021-09-23 00:00:00'),
	(712, '085589728-7', '여행', 'Drongo, fork-tailed', 'Gizela', 'Edgeclub', 935, 16003, 'noimage.png', 'elementum ligula vehicula consequat morbi a ipsum integer a nibh in quis justo maecenas rhoncus aliquam lacus morbi quis', '품절', '2021-02-12 00:00:00', '2021-09-23 00:00:00'),
	(713, '381066306-9', '경제', 'Hawk, ferruginous', 'Lidia', 'Skyble', 471, 23113, 'noimage.png', 'tempor convallis nulla neque libero convallis eget eleifend luctus ultricies eu nibh quisque', '판매중', '2021-02-14 00:00:00', '2021-09-23 00:00:00'),
	(714, '179838647-X', '만화', 'Pine snake (unidentified)', 'Lila', 'LiveZ', 424, 11560, 'noimage.png', 'enim blandit mi in porttitor pede justo eu massa donec dapibus duis at velit eu est congue elementum in', '절판', '2021-06-29 00:00:00', '2021-09-23 00:00:00'),
	(715, '188875027-8', '외국어', 'Vulture, griffon', 'Vanya', 'Tavu', 372, 13413, 'noimage.png', 'in quis justo maecenas rhoncus aliquam lacus morbi quis tortor id nulla ultrices aliquet maecenas leo odio condimentum id luctus', '구편절판', '2021-05-12 00:00:00', '2021-09-23 00:00:00'),
	(716, '208771886-5', '경제', 'Mouflon', 'Giffer', 'Avavee', 591, 19079, 'noimage.png', 'nec sem duis aliquam convallis nunc proin at turpis a pede posuere nonummy integer non velit donec', '구편절판', '2020-10-16 00:00:00', '2021-09-23 00:00:00'),
	(717, '292100355-4', '경제', 'Cobra, cape', 'Janaya', 'Meezzy', 918, 9444, 'noimage.png', 'nullam varius nulla facilisi cras non velit nec nisi vulputate nonummy maecenas tincidunt lacus at velit', '품절', '2021-08-08 00:00:00', '2021-09-23 00:00:00'),
	(718, '771199226-2', '경제', 'Goldeneye, common', 'Rickey', 'Wordify', 253, 20361, 'noimage.png', 'morbi sem mauris laoreet ut rhoncus aliquet pulvinar sed nisl nunc rhoncus dui vel', '품절', '2021-04-24 00:00:00', '2021-09-23 00:00:00'),
	(719, '235574378-9', '경제', 'Crow, pied', 'Sula', 'Babbleset', 196, 7995, 'noimage.png', 'nulla sed accumsan felis ut at dolor quis odio consequat varius integer ac', '절판', '2020-11-29 00:00:00', '2021-09-23 00:00:00'),
	(720, '962537966-5', '만화', 'Trotter, lily', 'Joshuah', 'Roombo', 704, 7943, 'noimage.png', 'nulla quisque arcu libero rutrum ac lobortis vel dapibus at diam nam', '구편절판', '2020-09-26 00:00:00', '2021-09-23 00:00:00'),
	(721, '177547823-8', '외국어', 'Spectacled caiman', 'Karney', 'Dablist', 436, 20743, 'noimage.png', 'eget eros elementum pellentesque quisque porta volutpat erat quisque erat eros viverra eget congue eget semper rutrum nulla', '구편절판', '2021-03-15 00:00:00', '2021-09-23 00:00:00'),
	(722, '028950686-7', '컴퓨터', 'Barbet, levaillant\'s', 'Carson', 'Teklist', 982, 24189, 'noimage.png', 'pede lobortis ligula sit amet eleifend pede libero quis orci nullam molestie nibh', '절판', '2020-11-23 00:00:00', '2021-09-23 00:00:00'),
	(723, '508395617-9', '외국어', 'Gelada baboon', 'Jase', 'Realcube', 502, 10507, 'noimage.png', 'libero quis orci nullam molestie nibh in lectus pellentesque at nulla', '판매중', '2021-05-01 00:00:00', '2021-09-23 00:00:00'),
	(724, '852088990-5', '외국어', 'Squirrel, eurasian red', 'Corie', 'Chatterpoint', 527, 28389, 'noimage.png', 'quis libero nullam sit amet turpis elementum ligula vehicula consequat morbi a ipsum integer a nibh in quis justo', '판매중', '2021-04-11 00:00:00', '2021-09-23 00:00:00'),
	(725, '387208861-0', '경제', 'Langur, common', 'Austin', 'Divape', 177, 21331, 'noimage.png', 'nulla mollis molestie lorem quisque ut erat curabitur gravida nisi at nibh in hac', '절판', '2021-08-15 00:00:00', '2021-09-23 00:00:00'),
	(726, '669616526-6', '경제', 'Killer whale', 'Hayden', 'Rooxo', 371, 15817, 'noimage.png', 'pede posuere nonummy integer non velit donec diam neque vestibulum eget vulputate ut ultrices', '절판', '2020-12-05 00:00:00', '2021-09-23 00:00:00'),
	(727, '260168275-2', '외국어', 'Parakeet, rose-ringed', 'Eben', 'Oloo', 727, 28364, 'noimage.png', 'orci luctus et ultrices posuere cubilia curae mauris viverra diam vitae quam suspendisse potenti nullam porttitor', '절판', '2020-12-22 00:00:00', '2021-09-23 00:00:00'),
	(728, '705907511-9', '외국어', 'Rufous-collared sparrow', 'Shell', 'Browsebug', 965, 12019, 'noimage.png', 'lectus pellentesque at nulla suspendisse potenti cras in purus eu magna vulputate luctus cum sociis natoque penatibus et magnis', '구편절판', '2021-06-02 00:00:00', '2021-09-23 00:00:00'),
	(729, '507964599-7', '소설', 'Giant girdled lizard', 'Wandis', 'Fivebridge', 613, 20985, 'noimage.png', 'eu orci mauris lacinia sapien quis libero nullam sit amet turpis elementum ligula vehicula consequat', '구편절판', '2021-02-19 00:00:00', '2021-09-23 00:00:00'),
	(730, '151074517-3', '여행', 'Baboon, savanna', 'Berkley', 'Voolia', 335, 11432, 'noimage.png', 'vulputate nonummy maecenas tincidunt lacus at velit vivamus vel nulla eget eros elementum pellentesque quisque', '판매중', '2020-12-16 00:00:00', '2021-09-23 00:00:00'),
	(731, '804924838-0', '컴퓨터', 'Large cormorant', 'Vivianna', 'Blogpad', 137, 26935, 'noimage.png', 'ligula pellentesque ultrices phasellus id sapien in sapien iaculis congue', '절판', '2021-02-12 00:00:00', '2021-09-23 00:00:00'),
	(732, '520033860-3', '외국어', 'American alligator', 'Mike', 'Meeveo', 306, 23145, 'noimage.png', 'ligula nec sem duis aliquam convallis nunc proin at turpis a pede posuere nonummy integer non velit', '절판', '2021-05-06 00:00:00', '2021-09-23 00:00:00'),
	(733, '456716103-3', '경제', 'Euro wallaby', 'Sindee', 'Voolith', 675, 27575, 'noimage.png', 'dolor sit amet consectetuer adipiscing elit proin interdum mauris non ligula pellentesque ultrices phasellus id sapien in', '구편절판', '2021-01-05 00:00:00', '2021-09-23 00:00:00'),
	(734, '052876304-0', '만화', 'Capybara', 'Waldemar', 'Voonder', 954, 10539, 'noimage.png', 'phasellus sit amet erat nulla tempus vivamus in felis eu', '판매중', '2021-08-07 00:00:00', '2021-09-23 00:00:00'),
	(735, '397804886-8', '컴퓨터', 'White-lipped peccary', 'Marquita', 'Devpulse', 677, 26471, 'noimage.png', 'sed nisl nunc rhoncus dui vel sem sed sagittis nam congue risus semper', '판매중', '2021-05-12 00:00:00', '2021-09-23 00:00:00'),
	(736, '782795140-6', '만화', 'Macaque, pig-tailed', 'Nathanial', 'Thoughtsphere', 575, 9117, 'noimage.png', 'morbi quis tortor id nulla ultrices aliquet maecenas leo odio condimentum id', '구편절판', '2021-07-29 00:00:00', '2021-09-23 00:00:00'),
	(737, '596405280-0', '외국어', 'Anteater, australian spiny', 'Todd', 'Skipstorm', 883, 7755, 'noimage.png', 'at ipsum ac tellus semper interdum mauris ullamcorper purus sit amet nulla quisque arcu libero rutrum ac lobortis vel dapibus', '품절', '2021-06-14 00:00:00', '2021-09-23 00:00:00'),
	(738, '301049258-8', '외국어', 'Long-tailed spotted cat', 'Sallyann', 'Mynte', 886, 5091, 'noimage.png', 'cubilia curae donec pharetra magna vestibulum aliquet ultrices erat tortor sollicitudin mi sit amet lobortis sapien', '절판', '2020-12-27 00:00:00', '2021-09-23 00:00:00'),
	(739, '778012266-2', '외국어', 'Yellow-rumped siskin', 'Jasmine', 'Yadel', 190, 15117, 'noimage.png', 'orci luctus et ultrices posuere cubilia curae duis faucibus accumsan odio curabitur convallis duis consequat', '판매중', '2021-04-24 00:00:00', '2021-09-23 00:00:00'),
	(740, '865974503-5', '소설', 'Peacock, blue', 'Sybille', 'Babbleopia', 735, 21202, 'noimage.png', 'sed sagittis nam congue risus semper porta volutpat quam pede lobortis ligula sit amet eleifend pede libero quis orci', '절판', '2021-07-24 00:00:00', '2021-09-23 00:00:00'),
	(741, '252016628-2', '여행', 'Large-eared bushbaby', 'Waneta', 'Photolist', 817, 29952, 'noimage.png', 'eros viverra eget congue eget semper rutrum nulla nunc purus phasellus', '구편절판', '2021-02-14 00:00:00', '2021-09-23 00:00:00'),
	(742, '438067152-6', '소설', 'Puna ibis', 'Fons', 'Tagtune', 934, 14897, 'noimage.png', 'sit amet consectetuer adipiscing elit proin interdum mauris non ligula pellentesque ultrices phasellus', '품절', '2020-12-03 00:00:00', '2021-09-23 00:00:00'),
	(743, '663833160-4', '경제', 'Brush-tailed bettong', 'Ruben', 'Brightdog', 635, 24548, 'noimage.png', 'in purus eu magna vulputate luctus cum sociis natoque penatibus et magnis', '품절', '2021-01-20 00:00:00', '2021-09-23 00:00:00'),
	(744, '144476615-5', '여행', 'Reedbuck, bohor', 'Johnnie', 'Zoonoodle', 102, 9645, 'noimage.png', 'quisque arcu libero rutrum ac lobortis vel dapibus at diam nam', '판매중', '2021-04-22 00:00:00', '2021-09-23 00:00:00'),
	(745, '617236143-0', '만화', 'Eland, common', 'Cthrine', 'Camido', 628, 19775, 'noimage.png', 'vel enim sit amet nunc viverra dapibus nulla suscipit ligula', '품절', '2021-01-24 00:00:00', '2021-09-23 00:00:00'),
	(746, '297533874-0', '경제', 'Warthog', 'Quintus', 'Quimm', 196, 16100, 'noimage.png', 'nam dui proin leo odio porttitor id consequat in consequat ut nulla sed accumsan felis ut at', '구편절판', '2021-09-06 00:00:00', '2021-09-23 00:00:00'),
	(747, '818854222-9', '경제', 'Gecko (unidentified)', 'Bonny', 'Flashdog', 752, 23517, 'noimage.png', 'parturient montes nascetur ridiculus mus vivamus vestibulum sagittis sapien cum', '품절', '2021-04-07 00:00:00', '2021-09-23 00:00:00'),
	(748, '161842872-1', '여행', 'Rhea, gray', 'Parke', 'Babbleopia', 470, 24603, 'noimage.png', 'ante vivamus tortor duis mattis egestas metus aenean fermentum donec ut mauris eget massa', '품절', '2020-12-10 00:00:00', '2021-09-23 00:00:00'),
	(749, '401838802-0', '만화', 'Vicuna', 'Siobhan', 'Twitterworks', 272, 14602, 'noimage.png', 'lacus curabitur at ipsum ac tellus semper interdum mauris ullamcorper purus sit amet nulla quisque arcu', '품절', '2021-07-25 00:00:00', '2021-09-23 00:00:00'),
	(750, '867017876-1', '컴퓨터', 'Herring gull', 'Stanley', 'Blogtags', 617, 27206, 'noimage.png', 'elit sodales scelerisque mauris sit amet eros suspendisse accumsan tortor quis turpis sed ante vivamus tortor duis mattis egestas', '구편절판', '2021-02-05 00:00:00', '2021-09-23 00:00:00'),
	(751, '192424363-6', '만화', 'Yellow-crowned night heron', 'Madel', 'Realfire', 806, 10026, 'noimage.png', 'posuere cubilia curae donec pharetra magna vestibulum aliquet ultrices erat tortor sollicitudin mi sit amet lobortis sapien', '절판', '2020-10-13 00:00:00', '2021-09-23 00:00:00'),
	(752, '952915838-6', '외국어', 'Bleu, red-cheeked cordon', 'Sorcha', 'Roomm', 801, 21227, 'noimage.png', 'sit amet turpis elementum ligula vehicula consequat morbi a ipsum integer', '절판', '2021-08-29 00:00:00', '2021-09-23 00:00:00'),
	(753, '955515102-4', '컴퓨터', 'Lily trotter', 'Maximilien', 'Fivechat', 929, 23663, 'noimage.png', 'enim sit amet nunc viverra dapibus nulla suscipit ligula in lacus curabitur at ipsum ac tellus semper interdum mauris', '절판', '2021-02-05 00:00:00', '2021-09-23 00:00:00'),
	(754, '581627405-8', '만화', 'Blue shark', 'Mei', 'Quinu', 412, 27208, 'noimage.png', 'eleifend pede libero quis orci nullam molestie nibh in lectus pellentesque at nulla suspendisse', '품절', '2021-07-15 00:00:00', '2021-09-23 00:00:00'),
	(755, '978417588-6', '여행', 'Crab, red lava', 'Allyn', 'Cogidoo', 564, 26036, 'noimage.png', 'turpis elementum ligula vehicula consequat morbi a ipsum integer a', '품절', '2020-10-04 00:00:00', '2021-09-23 00:00:00'),
	(756, '573117893-3', '외국어', 'Shark, blue', 'Erna', 'Quinu', 828, 28000, 'noimage.png', 'sit amet diam in magna bibendum imperdiet nullam orci pede venenatis non', '품절', '2020-11-04 00:00:00', '2021-09-23 00:00:00'),
	(757, '248281062-0', '컴퓨터', 'Deer, roe', 'Angelia', 'Mudo', 330, 25209, 'noimage.png', 'sem fusce consequat nulla nisl nunc nisl duis bibendum felis sed interdum venenatis turpis enim blandit mi in', '구편절판', '2021-01-12 00:00:00', '2021-09-23 00:00:00'),
	(758, '323057016-2', '컴퓨터', 'Antechinus, brown', 'Urson', 'Nlounge', 446, 5358, 'noimage.png', 'mauris non ligula pellentesque ultrices phasellus id sapien in sapien iaculis congue vivamus metus arcu adipiscing', '구편절판', '2021-07-19 00:00:00', '2021-09-23 00:00:00'),
	(759, '747342018-6', '외국어', 'European stork', 'Fanchon', 'Zooveo', 402, 20770, 'noimage.png', 'aliquet massa id lobortis convallis tortor risus dapibus augue vel accumsan tellus nisi eu orci mauris lacinia sapien quis libero', '절판', '2021-06-19 00:00:00', '2021-09-23 00:00:00'),
	(760, '748483775-X', '소설', 'Greater rhea', 'Blanch', 'Mydo', 860, 9292, 'noimage.png', 'eu nibh quisque id justo sit amet sapien dignissim vestibulum vestibulum', '구편절판', '2020-12-03 00:00:00', '2021-09-23 00:00:00'),
	(761, '896613263-4', '여행', 'Genet, common', 'Kippie', 'Babblestorm', 437, 20055, 'noimage.png', 'eu tincidunt in leo maecenas pulvinar lobortis est phasellus sit amet erat nulla tempus vivamus in felis eu', '품절', '2021-08-21 00:00:00', '2021-09-23 00:00:00'),
	(762, '037535176-0', '외국어', 'Secretary bird', 'Theresa', 'Quire', 349, 11927, 'noimage.png', 'nullam varius nulla facilisi cras non velit nec nisi vulputate nonummy maecenas tincidunt lacus at velit', '품절', '2020-11-21 00:00:00', '2021-09-23 00:00:00'),
	(763, '505025021-8', '여행', 'White-eye, cape', 'Damara', 'Babbleset', 882, 21653, 'noimage.png', 'morbi a ipsum integer a nibh in quis justo maecenas rhoncus aliquam lacus', '판매중', '2021-02-07 00:00:00', '2021-09-23 00:00:00'),
	(764, '173432036-2', '컴퓨터', 'Armadillo, nine-banded', 'Cindee', 'Abatz', 409, 26745, 'noimage.png', 'nullam sit amet turpis elementum ligula vehicula consequat morbi a ipsum integer', '절판', '2021-05-15 00:00:00', '2021-09-23 00:00:00'),
	(765, '579984836-5', '소설', 'Asian openbill', 'Fleurette', 'Muxo', 211, 19402, 'noimage.png', 'lobortis ligula sit amet eleifend pede libero quis orci nullam molestie nibh in lectus pellentesque at', '판매중', '2021-02-08 00:00:00', '2021-09-23 00:00:00'),
	(766, '333682214-9', '만화', 'Bushpig', 'Bendite', 'Meezzy', 896, 25890, 'noimage.png', 'convallis eget eleifend luctus ultricies eu nibh quisque id justo sit amet sapien dignissim vestibulum vestibulum ante ipsum', '판매중', '2021-06-30 00:00:00', '2021-09-23 00:00:00'),
	(767, '141818925-1', '여행', 'Spotted deer', 'Aubert', 'Eimbee', 988, 10419, 'noimage.png', 'eget orci vehicula condimentum curabitur in libero ut massa volutpat convallis morbi odio odio elementum eu interdum eu tincidunt in', '절판', '2021-05-21 00:00:00', '2021-09-23 00:00:00'),
	(768, '200949148-3', '외국어', 'Squirrel, indian giant', 'Boycie', 'Muxo', 893, 8712, 'noimage.png', 'turpis nec euismod scelerisque quam turpis adipiscing lorem vitae mattis nibh ligula nec sem duis', '품절', '2021-03-07 00:00:00', '2021-09-23 00:00:00'),
	(769, '814510496-3', '만화', 'White-tailed deer', 'Lynett', 'Topdrive', 334, 27506, 'noimage.png', 'malesuada in imperdiet et commodo vulputate justo in blandit ultrices enim lorem ipsum dolor sit amet consectetuer adipiscing', '구편절판', '2021-09-14 00:00:00', '2021-09-23 00:00:00'),
	(770, '962529297-7', '여행', 'Australian sea lion', 'Kendricks', 'Jetwire', 446, 25176, 'noimage.png', 'magnis dis parturient montes nascetur ridiculus mus vivamus vestibulum sagittis sapien cum sociis natoque penatibus et magnis dis', '품절', '2021-07-10 00:00:00', '2021-09-23 00:00:00'),
	(771, '847596046-4', '외국어', 'Nubian bee-eater', 'Paxton', 'Demizz', 859, 15263, 'noimage.png', 'quis augue luctus tincidunt nulla mollis molestie lorem quisque ut erat curabitur gravida nisi at nibh in hac habitasse platea', '판매중', '2021-09-18 00:00:00', '2021-09-23 00:00:00'),
	(772, '916569355-8', '외국어', 'Leadbeateri\'s ground hornbill', 'Nicolais', 'Realmix', 343, 7592, 'noimage.png', 'luctus et ultrices posuere cubilia curae mauris viverra diam vitae quam suspendisse potenti nullam porttitor lacus', '절판', '2020-12-23 00:00:00', '2021-09-23 00:00:00'),
	(773, '927506528-4', '만화', 'White-bellied sea eagle', 'Markus', 'Oodoo', 968, 20172, 'noimage.png', 'nec sem duis aliquam convallis nunc proin at turpis a pede posuere nonummy integer non', '품절', '2021-07-24 00:00:00', '2021-09-23 00:00:00'),
	(774, '677495039-6', '여행', 'Red-billed tropic bird', 'Ari', 'Twitterbridge', 529, 17364, 'noimage.png', 'ut nunc vestibulum ante ipsum primis in faucibus orci luctus et ultrices posuere cubilia curae mauris viverra diam', '구편절판', '2021-02-26 00:00:00', '2021-09-23 00:00:00'),
	(775, '381946550-2', '소설', 'Golden eagle', 'Cecilla', 'Browseblab', 304, 5563, 'noimage.png', 'in est risus auctor sed tristique in tempus sit amet sem fusce consequat nulla nisl nunc nisl duis bibendum', '구편절판', '2020-11-08 00:00:00', '2021-09-23 00:00:00'),
	(776, '208143777-5', '만화', 'Monkey, red howler', 'Brice', 'Youspan', 991, 19949, 'noimage.png', 'odio elementum eu interdum eu tincidunt in leo maecenas pulvinar lobortis est phasellus', '판매중', '2020-12-08 00:00:00', '2021-09-23 00:00:00'),
	(777, '137902956-2', '컴퓨터', 'Glider, feathertail', 'Aprilette', 'Gabcube', 360, 14981, 'noimage.png', 'libero nullam sit amet turpis elementum ligula vehicula consequat morbi a ipsum integer a nibh in quis justo maecenas', '구편절판', '2021-01-14 00:00:00', '2021-09-23 00:00:00'),
	(778, '787882132-1', '컴퓨터', 'Galapagos mockingbird', 'Boy', 'Digitube', 967, 28346, 'noimage.png', 'odio condimentum id luctus nec molestie sed justo pellentesque viverra pede ac diam cras pellentesque volutpat dui maecenas', '품절', '2020-11-01 00:00:00', '2021-09-23 00:00:00'),
	(779, '231093820-3', '소설', 'Suricate', 'Letizia', 'Realfire', 870, 19135, 'noimage.png', 'libero nam dui proin leo odio porttitor id consequat in consequat ut nulla sed accumsan felis', '절판', '2021-03-02 00:00:00', '2021-09-23 00:00:00'),
	(780, '104321755-X', '만화', 'Great egret', 'Saw', 'Meejo', 125, 6128, 'noimage.png', 'phasellus sit amet erat nulla tempus vivamus in felis eu sapien cursus vestibulum proin eu', '구편절판', '2021-01-06 00:00:00', '2021-09-23 00:00:00'),
	(781, '689085200-1', '만화', 'Horned lark', 'Arliene', 'Leexo', 573, 22661, 'noimage.png', 'quam a odio in hac habitasse platea dictumst maecenas ut massa quis augue luctus tincidunt nulla mollis', '절판', '2021-08-27 00:00:00', '2021-09-23 00:00:00'),
	(782, '656760243-0', '소설', 'Crested screamer', 'Maryl', 'Thoughtstorm', 162, 10282, 'noimage.png', 'eros vestibulum ac est lacinia nisi venenatis tristique fusce congue diam id ornare imperdiet sapien urna pretium nisl', '판매중', '2021-04-06 00:00:00', '2021-09-23 00:00:00'),
	(783, '774674041-3', '여행', 'Oryx, fringe-eared', 'Meghann', 'Fadeo', 380, 14206, 'noimage.png', 'curae nulla dapibus dolor vel est donec odio justo sollicitudin ut suscipit a feugiat et eros vestibulum ac est lacinia', '절판', '2021-02-12 00:00:00', '2021-09-23 00:00:00'),
	(784, '460472116-5', '여행', 'Roller, lilac-breasted', 'Blakelee', 'Rhybox', 558, 5710, 'noimage.png', 'elementum nullam varius nulla facilisi cras non velit nec nisi vulputate nonummy maecenas tincidunt lacus at velit vivamus vel nulla', '절판', '2021-02-11 00:00:00', '2021-09-23 00:00:00'),
	(785, '674633278-0', '소설', 'Wolf, mexican', 'Nathaniel', 'Pixonyx', 774, 8242, 'noimage.png', 'eget eleifend luctus ultricies eu nibh quisque id justo sit amet sapien dignissim', '판매중', '2021-03-24 00:00:00', '2021-09-23 00:00:00'),
	(786, '434321868-6', '여행', 'Cockatoo, slender-billed', 'Nevin', 'Thoughtblab', 391, 16059, 'noimage.png', 'fusce consequat nulla nisl nunc nisl duis bibendum felis sed interdum venenatis turpis enim blandit mi in', '절판', '2021-04-12 00:00:00', '2021-09-23 00:00:00'),
	(787, '491006193-2', '경제', 'Ass, asiatic wild', 'Neysa', 'Blogspan', 704, 12013, 'noimage.png', 'aliquam augue quam sollicitudin vitae consectetuer eget rutrum at lorem integer tincidunt ante vel ipsum praesent blandit lacinia erat', '절판', '2021-08-20 00:00:00', '2021-09-23 00:00:00'),
	(788, '860736448-0', '외국어', 'Duck, blue', 'Florian', 'Riffpath', 418, 17644, 'noimage.png', 'orci mauris lacinia sapien quis libero nullam sit amet turpis elementum ligula', '절판', '2020-11-27 00:00:00', '2021-09-23 00:00:00'),
	(789, '805606185-1', '경제', 'Collared lemming', 'Gibby', 'Teklist', 853, 14162, 'noimage.png', 'id ornare imperdiet sapien urna pretium nisl ut volutpat sapien arcu sed augue aliquam', '절판', '2021-07-26 00:00:00', '2021-09-23 00:00:00'),
	(790, '282096564-4', '만화', 'Macaw, green-winged', 'Matthaeus', 'Yodo', 222, 13382, 'noimage.png', 'dui luctus rutrum nulla tellus in sagittis dui vel nisl duis ac nibh fusce lacus purus aliquet at feugiat non', '판매중', '2021-05-04 00:00:00', '2021-09-23 00:00:00'),
	(791, '993962314-3', '컴퓨터', 'Kangaroo, red', 'Dalton', 'Zoomzone', 597, 6686, 'noimage.png', 'nulla pede ullamcorper augue a suscipit nulla elit ac nulla sed vel enim sit amet', '품절', '2021-05-23 00:00:00', '2021-09-23 00:00:00'),
	(792, '228547780-5', '외국어', 'Gull, swallow-tail', 'Jared', 'Voonyx', 234, 21690, 'noimage.png', 'eleifend pede libero quis orci nullam molestie nibh in lectus pellentesque', '구편절판', '2021-01-29 00:00:00', '2021-09-23 00:00:00'),
	(793, '311543361-1', '외국어', 'Indian red admiral', 'Barrett', 'Youfeed', 606, 12346, 'noimage.png', 'tempor turpis nec euismod scelerisque quam turpis adipiscing lorem vitae mattis nibh ligula nec sem duis', '품절', '2020-12-03 00:00:00', '2021-09-23 00:00:00'),
	(794, '289235901-5', '외국어', 'California sea lion', 'Abba', 'Skivee', 852, 25395, 'noimage.png', 'dapibus nulla suscipit ligula in lacus curabitur at ipsum ac tellus semper interdum mauris ullamcorper purus', '구편절판', '2021-06-02 00:00:00', '2021-09-23 00:00:00'),
	(795, '443576286-2', '외국어', 'Owl, great horned', 'Dorthy', 'Geba', 280, 14298, 'noimage.png', 'rutrum nulla tellus in sagittis dui vel nisl duis ac nibh fusce lacus purus aliquet at', '절판', '2020-12-29 00:00:00', '2021-09-23 00:00:00'),
	(796, '107299397-X', '만화', 'Cape cobra', 'Ginnie', 'Twitterworks', 381, 24763, 'noimage.png', 'adipiscing molestie hendrerit at vulputate vitae nisl aenean lectus pellentesque eget nunc donec', '절판', '2021-05-28 00:00:00', '2021-09-23 00:00:00'),
	(797, '382625056-7', '소설', 'Antelope ground squirrel', 'Blanch', 'Jatri', 110, 16536, 'noimage.png', 'ipsum dolor sit amet consectetuer adipiscing elit proin risus praesent lectus', '절판', '2021-08-26 00:00:00', '2021-09-23 00:00:00'),
	(798, '177416863-4', '경제', 'Camel, dromedary', 'Shandeigh', 'Leexo', 832, 21743, 'noimage.png', 'nibh in hac habitasse platea dictumst aliquam augue quam sollicitudin vitae consectetuer eget rutrum', '품절', '2021-02-21 00:00:00', '2021-09-23 00:00:00'),
	(799, '089525443-3', '컴퓨터', 'Ass, asiatic wild', 'Tarrah', 'Vinte', 493, 24460, 'noimage.png', 'feugiat et eros vestibulum ac est lacinia nisi venenatis tristique fusce congue diam id ornare imperdiet sapien urna', '품절', '2021-04-23 00:00:00', '2021-09-23 00:00:00'),
	(800, '193954062-3', '여행', 'Civet, small-toothed palm', 'Cammy', 'Zooveo', 975, 20108, 'noimage.png', 'quam suspendisse potenti nullam porttitor lacus at turpis donec posuere metus vitae ipsum aliquam non mauris morbi non lectus aliquam', '절판', '2021-07-16 00:00:00', '2021-09-23 00:00:00'),
	(801, '959102057-0', '컴퓨터', 'Heron, grey', 'Stace', 'Edgetag', 448, 25736, 'noimage.png', 'bibendum felis sed interdum venenatis turpis enim blandit mi in porttitor pede justo eu massa donec dapibus duis', '판매중', '2021-08-13 00:00:00', '2021-09-23 00:00:00'),
	(802, '919466961-9', '여행', 'Duck, comb', 'Ruth', 'Yombu', 596, 9209, 'noimage.png', 'lorem quisque ut erat curabitur gravida nisi at nibh in hac habitasse platea dictumst aliquam augue quam sollicitudin', '판매중', '2020-12-09 00:00:00', '2021-09-23 00:00:00'),
	(803, '566414717-2', '컴퓨터', 'Antelope, roan', 'Nesta', 'Twitterlist', 854, 9290, 'noimage.png', 'nunc purus phasellus in felis donec semper sapien a libero nam', '품절', '2021-08-23 00:00:00', '2021-09-23 00:00:00'),
	(804, '928938798-X', '소설', 'Common wombat', 'Hernando', 'Kwinu', 970, 17181, 'noimage.png', 'bibendum imperdiet nullam orci pede venenatis non sodales sed tincidunt eu felis fusce posuere felis', '절판', '2021-05-22 00:00:00', '2021-09-23 00:00:00'),
	(805, '978213424-4', '소설', 'Kingfisher, white-throated', 'Berenice', 'Twimm', 654, 21309, 'noimage.png', 'pellentesque volutpat dui maecenas tristique est et tempus semper est quam pharetra magna ac consequat metus sapien ut nunc vestibulum', '품절', '2021-05-05 00:00:00', '2021-09-23 00:00:00'),
	(806, '829894852-1', '경제', 'Black-capped capuchin', 'Kaitlin', 'Digitube', 545, 8155, 'noimage.png', 'donec vitae nisi nam ultrices libero non mattis pulvinar nulla pede ullamcorper augue a suscipit nulla elit ac nulla', '판매중', '2021-07-10 00:00:00', '2021-09-23 00:00:00'),
	(807, '430244360-X', '여행', 'Lark, horned', 'Zachery', 'Trudeo', 141, 17874, 'noimage.png', 'aliquam erat volutpat in congue etiam justo etiam pretium iaculis justo in', '품절', '2021-03-31 00:00:00', '2021-09-23 00:00:00'),
	(808, '662630360-0', '소설', 'Baleen whale', 'Waylon', 'Rhynoodle', 775, 22357, 'noimage.png', 'donec vitae nisi nam ultrices libero non mattis pulvinar nulla pede ullamcorper', '품절', '2021-02-17 00:00:00', '2021-09-23 00:00:00'),
	(809, '435658956-4', '외국어', 'Rufous tree pie', 'Erek', 'Realpoint', 517, 18027, 'noimage.png', 'magna bibendum imperdiet nullam orci pede venenatis non sodales sed tincidunt eu felis fusce posuere felis sed lacus morbi sem', '품절', '2021-04-16 00:00:00', '2021-09-23 00:00:00'),
	(810, '041266630-8', '여행', 'Eastern box turtle', 'Drona', 'Jetpulse', 181, 14371, 'noimage.png', 'id luctus nec molestie sed justo pellentesque viverra pede ac diam cras pellentesque volutpat dui maecenas tristique est et tempus', '판매중', '2020-10-24 00:00:00', '2021-09-23 00:00:00'),
	(811, '543882939-X', '여행', 'Bandicoot, long-nosed', 'Letitia', 'Eire', 454, 10335, 'noimage.png', 'ipsum primis in faucibus orci luctus et ultrices posuere cubilia curae donec pharetra magna vestibulum aliquet ultrices erat', '품절', '2021-01-16 00:00:00', '2021-09-23 00:00:00'),
	(812, '780873471-3', '여행', 'Squirrel, thirteen-lined', 'Francyne', 'Bubblemix', 119, 29641, 'noimage.png', 'nulla sed accumsan felis ut at dolor quis odio consequat varius integer ac leo', '절판', '2020-12-02 00:00:00', '2021-09-23 00:00:00'),
	(813, '991105314-8', '소설', 'Yellow-necked spurfowl', 'Aveline', 'Blogtag', 952, 13252, 'noimage.png', 'lorem quisque ut erat curabitur gravida nisi at nibh in hac habitasse platea dictumst aliquam augue quam sollicitudin vitae', '구편절판', '2021-05-18 00:00:00', '2021-09-23 00:00:00'),
	(814, '212652882-0', '여행', 'Echidna, short-beaked', 'Phaidra', 'Twitterwire', 754, 21770, 'noimage.png', 'tellus in sagittis dui vel nisl duis ac nibh fusce lacus purus aliquet at feugiat non pretium', '판매중', '2020-10-15 00:00:00', '2021-09-23 00:00:00'),
	(815, '946030327-7', '외국어', 'Vervet monkey', 'Prentice', 'Thoughtblab', 443, 26478, 'noimage.png', 'adipiscing molestie hendrerit at vulputate vitae nisl aenean lectus pellentesque eget nunc donec quis orci', '구편절판', '2020-12-21 00:00:00', '2021-09-23 00:00:00'),
	(816, '627814738-6', '컴퓨터', 'Collared lizard', 'Joceline', 'Rhycero', 905, 11080, 'noimage.png', 'pede ac diam cras pellentesque volutpat dui maecenas tristique est et tempus semper est quam pharetra magna ac', '구편절판', '2021-03-02 00:00:00', '2021-09-23 00:00:00'),
	(817, '303628229-7', '소설', 'Turkey, wild', 'Dorelia', 'BlogXS', 898, 9393, 'noimage.png', 'ligula in lacus curabitur at ipsum ac tellus semper interdum mauris ullamcorper purus', '절판', '2020-12-07 00:00:00', '2021-09-23 00:00:00'),
	(818, '744539867-8', '여행', 'Puku', 'Gwyneth', 'Skajo', 257, 6383, 'noimage.png', 'porttitor pede justo eu massa donec dapibus duis at velit eu est congue elementum in hac habitasse platea dictumst', '품절', '2021-04-08 00:00:00', '2021-09-23 00:00:00'),
	(819, '071021536-3', '컴퓨터', 'Cape Barren goose', 'Dirk', 'Twitterworks', 207, 9957, 'noimage.png', 'cubilia curae donec pharetra magna vestibulum aliquet ultrices erat tortor', '판매중', '2020-10-09 00:00:00', '2021-09-23 00:00:00'),
	(820, '173678523-0', '외국어', 'Pig-tailed macaque', 'Annetta', 'Meevee', 909, 24122, 'noimage.png', 'tellus semper interdum mauris ullamcorper purus sit amet nulla quisque arcu libero rutrum', '구편절판', '2020-10-15 00:00:00', '2021-09-23 00:00:00'),
	(821, '415813034-4', '외국어', 'Green heron', 'Dahlia', 'Realbridge', 875, 15658, 'noimage.png', 'duis faucibus accumsan odio curabitur convallis duis consequat dui nec nisi volutpat eleifend donec ut dolor morbi vel', '판매중', '2020-12-16 00:00:00', '2021-09-23 00:00:00'),
	(822, '053219939-1', '여행', 'Arboral spiny rat', 'Casey', 'Fivechat', 594, 26385, 'noimage.png', 'etiam pretium iaculis justo in hac habitasse platea dictumst etiam faucibus', '절판', '2021-04-30 00:00:00', '2021-09-23 00:00:00'),
	(823, '964052461-1', '경제', 'Gazer, sun', 'Ryon', 'Jayo', 250, 13876, 'noimage.png', 'non quam nec dui luctus rutrum nulla tellus in sagittis dui vel nisl duis ac nibh', '판매중', '2021-04-01 00:00:00', '2021-09-23 00:00:00'),
	(824, '139602868-4', '컴퓨터', 'Frilled dragon', 'Abbye', 'Vinder', 655, 10392, 'noimage.png', 'vitae quam suspendisse potenti nullam porttitor lacus at turpis donec posuere metus vitae ipsum aliquam non mauris morbi', '판매중', '2020-09-26 00:00:00', '2021-09-23 00:00:00'),
	(825, '469791174-1', '경제', 'Cat, ringtail', 'Ekaterina', 'Lajo', 621, 14844, 'noimage.png', 'pede justo lacinia eget tincidunt eget tempus vel pede morbi porttitor lorem id ligula suspendisse ornare consequat lectus in', '구편절판', '2021-01-29 00:00:00', '2021-09-23 00:00:00'),
	(826, '218967010-1', '외국어', 'Fox, savanna', 'Phedra', 'Tazz', 286, 16512, 'noimage.png', 'id ornare imperdiet sapien urna pretium nisl ut volutpat sapien arcu sed augue aliquam erat', '구편절판', '2021-05-19 00:00:00', '2021-09-23 00:00:00'),
	(827, '949380405-4', '컴퓨터', 'Indian red admiral', 'Elvyn', 'Trilia', 528, 22539, 'noimage.png', 'augue aliquam erat volutpat in congue etiam justo etiam pretium iaculis justo in', '절판', '2021-07-28 00:00:00', '2021-09-23 00:00:00'),
	(828, '055640190-5', '만화', 'Canada goose', 'Berget', 'Gigaclub', 165, 9795, 'noimage.png', 'justo lacinia eget tincidunt eget tempus vel pede morbi porttitor lorem id ligula suspendisse ornare consequat lectus in', '판매중', '2021-02-12 00:00:00', '2021-09-23 00:00:00'),
	(829, '106123265-4', '여행', 'Jaguarundi', 'Lynnelle', 'Vidoo', 280, 6200, 'noimage.png', 'quis orci nullam molestie nibh in lectus pellentesque at nulla suspendisse potenti cras', '판매중', '2021-04-01 00:00:00', '2021-09-23 00:00:00'),
	(830, '965607907-8', '컴퓨터', 'Thirteen-lined squirrel', 'Cory', 'Gigazoom', 759, 27516, 'noimage.png', 'velit donec diam neque vestibulum eget vulputate ut ultrices vel augue vestibulum ante', '구편절판', '2021-06-04 00:00:00', '2021-09-23 00:00:00'),
	(831, '979310410-4', '컴퓨터', 'Lapwing (unidentified)', 'Deanna', 'Omba', 980, 29204, 'noimage.png', 'ipsum primis in faucibus orci luctus et ultrices posuere cubilia curae mauris viverra diam vitae quam suspendisse potenti nullam porttitor', '절판', '2020-12-21 00:00:00', '2021-09-23 00:00:00'),
	(832, '661677196-2', '소설', 'Bee-eater (unidentified)', 'Lari', 'Talane', 209, 27532, 'noimage.png', 'enim lorem ipsum dolor sit amet consectetuer adipiscing elit proin interdum mauris non ligula pellentesque ultrices', '절판', '2021-09-13 00:00:00', '2021-09-23 00:00:00'),
	(833, '134680995-X', '만화', 'Sockeye salmon', 'Gail', 'Layo', 450, 20244, 'noimage.png', 'faucibus orci luctus et ultrices posuere cubilia curae nulla dapibus dolor vel est', '구편절판', '2021-07-31 00:00:00', '2021-09-23 00:00:00'),
	(834, '017520100-5', '소설', 'Kangaroo, western grey', 'Yves', 'Aivee', 937, 22019, 'noimage.png', 'aliquet maecenas leo odio condimentum id luctus nec molestie sed justo pellentesque viverra', '구편절판', '2021-04-26 00:00:00', '2021-09-23 00:00:00'),
	(835, '300378412-9', '여행', 'Purple grenadier', 'Waylan', 'Topiczoom', 564, 11880, 'noimage.png', 'aliquam convallis nunc proin at turpis a pede posuere nonummy integer non velit donec diam neque', '품절', '2020-11-21 00:00:00', '2021-09-23 00:00:00'),
	(836, '601985317-9', '외국어', 'Seven-banded armadillo', 'Genovera', 'Wikizz', 457, 17388, 'noimage.png', 'duis bibendum morbi non quam nec dui luctus rutrum nulla tellus in sagittis dui vel nisl duis ac nibh', '판매중', '2020-12-26 00:00:00', '2021-09-23 00:00:00'),
	(837, '866238732-2', '컴퓨터', 'Goose, snow', 'Orelee', 'Twimbo', 241, 19985, 'noimage.png', 'vestibulum vestibulum ante ipsum primis in faucibus orci luctus et', '판매중', '2020-12-21 00:00:00', '2021-09-23 00:00:00'),
	(838, '483060287-2', '소설', 'Southern right whale', 'Carly', 'Voolia', 961, 20408, 'noimage.png', 'odio donec vitae nisi nam ultrices libero non mattis pulvinar nulla pede ullamcorper augue a suscipit nulla elit ac nulla', '품절', '2021-04-15 00:00:00', '2021-09-23 00:00:00'),
	(839, '951695381-6', '만화', 'Gray langur', 'Auria', 'Browsedrive', 945, 18955, 'noimage.png', 'purus phasellus in felis donec semper sapien a libero nam dui proin leo', '구편절판', '2021-04-01 00:00:00', '2021-09-23 00:00:00'),
	(840, '553223791-3', '경제', 'Bat-eared fox', 'Edyth', 'LiveZ', 493, 11339, 'noimage.png', 'lectus in est risus auctor sed tristique in tempus sit amet sem fusce consequat nulla nisl nunc nisl duis', '품절', '2021-03-12 00:00:00', '2021-09-23 00:00:00'),
	(841, '737800782-X', '여행', 'Stick insect', 'Orion', 'Kwideo', 173, 9544, 'noimage.png', 'vitae nisl aenean lectus pellentesque eget nunc donec quis orci eget orci vehicula condimentum curabitur in libero', '품절', '2020-09-25 00:00:00', '2021-09-23 00:00:00'),
	(842, '358507823-0', '컴퓨터', 'Violet-crested turaco', 'Cybill', 'Flipopia', 149, 9472, 'noimage.png', 'risus dapibus augue vel accumsan tellus nisi eu orci mauris lacinia sapien quis libero nullam sit amet turpis elementum ligula', '구편절판', '2021-01-08 00:00:00', '2021-09-23 00:00:00'),
	(843, '315484355-8', '외국어', 'Possum, golden brush-tailed', 'Garfield', 'Mydo', 794, 16623, 'noimage.png', 'velit nec nisi vulputate nonummy maecenas tincidunt lacus at velit vivamus vel nulla eget eros', '품절', '2021-04-27 00:00:00', '2021-09-23 00:00:00'),
	(844, '945974367-6', '경제', 'Red meerkat', 'Sanderson', 'Podcat', 968, 23003, 'noimage.png', 'est risus auctor sed tristique in tempus sit amet sem fusce consequat nulla nisl nunc nisl duis bibendum felis sed', '구편절판', '2020-11-23 00:00:00', '2021-09-23 00:00:00'),
	(845, '720547528-7', '컴퓨터', 'Hawk, galapagos', 'Tiebold', 'Dazzlesphere', 282, 13153, 'noimage.png', 'bibendum felis sed interdum venenatis turpis enim blandit mi in porttitor pede justo eu', '절판', '2020-11-30 00:00:00', '2021-09-23 00:00:00'),
	(846, '913141393-5', '컴퓨터', 'Dove, little brown', 'Timmy', 'Youbridge', 149, 13019, 'noimage.png', 'pulvinar nulla pede ullamcorper augue a suscipit nulla elit ac nulla sed vel enim sit amet nunc viverra dapibus nulla', '품절', '2021-05-16 00:00:00', '2021-09-23 00:00:00'),
	(847, '239593920-X', '외국어', 'Otter, african clawless', 'Teriann', 'Shufflebeat', 805, 27911, 'noimage.png', 'orci luctus et ultrices posuere cubilia curae mauris viverra diam vitae', '판매중', '2020-10-17 00:00:00', '2021-09-23 00:00:00'),
	(848, '049722978-1', '외국어', 'Fox, savanna', 'Kathlin', 'Devshare', 921, 8927, 'noimage.png', 'metus arcu adipiscing molestie hendrerit at vulputate vitae nisl aenean lectus pellentesque eget', '구편절판', '2020-12-06 00:00:00', '2021-09-23 00:00:00'),
	(849, '902700576-1', '여행', 'Square-lipped rhinoceros', 'Dulcia', 'Photospace', 701, 25591, 'noimage.png', 'pulvinar sed nisl nunc rhoncus dui vel sem sed sagittis nam congue risus', '판매중', '2020-10-02 00:00:00', '2021-09-23 00:00:00'),
	(850, '175261791-6', '여행', 'Ornate rock dragon', 'Pierrette', 'Quinu', 665, 18777, 'noimage.png', 'ultrices posuere cubilia curae mauris viverra diam vitae quam suspendisse potenti nullam porttitor lacus at turpis', '판매중', '2021-07-04 00:00:00', '2021-09-23 00:00:00'),
	(851, '473382402-5', '외국어', 'Snowy owl', 'Urban', 'Brainverse', 136, 11321, 'noimage.png', 'semper interdum mauris ullamcorper purus sit amet nulla quisque arcu libero rutrum ac lobortis vel dapibus at diam nam tristique', '판매중', '2021-01-03 00:00:00', '2021-09-23 00:00:00'),
	(852, '065656560-8', '외국어', 'Rabbit, eastern cottontail', 'Chanda', 'Flashdog', 295, 22080, 'noimage.png', 'vulputate justo in blandit ultrices enim lorem ipsum dolor sit amet consectetuer adipiscing elit proin', '구편절판', '2021-06-11 00:00:00', '2021-09-23 00:00:00'),
	(853, '638391537-1', '소설', 'Sockeye salmon', 'Alphonso', 'Zoomzone', 811, 11287, 'noimage.png', 'pellentesque ultrices phasellus id sapien in sapien iaculis congue vivamus metus arcu adipiscing molestie hendrerit at vulputate vitae', '판매중', '2020-10-01 00:00:00', '2021-09-23 00:00:00'),
	(854, '303035477-6', '소설', 'Scarlet macaw', 'Lamont', 'Rhynoodle', 572, 17926, 'noimage.png', 'quam suspendisse potenti nullam porttitor lacus at turpis donec posuere metus vitae ipsum aliquam non', '판매중', '2021-02-23 00:00:00', '2021-09-23 00:00:00'),
	(855, '022837131-7', '외국어', 'Tsessebe', 'Renault', 'Izio', 431, 29000, 'noimage.png', 'vel nisl duis ac nibh fusce lacus purus aliquet at feugiat non pretium quis lectus suspendisse', '절판', '2021-05-16 00:00:00', '2021-09-23 00:00:00'),
	(856, '585926811-4', '여행', 'African black crake', 'Cinderella', 'Skajo', 193, 27144, 'noimage.png', 'sapien ut nunc vestibulum ante ipsum primis in faucibus orci luctus et ultrices posuere cubilia curae mauris viverra', '품절', '2021-03-27 00:00:00', '2021-09-23 00:00:00'),
	(857, '799406975-4', '만화', 'Monster, gila', 'Ward', 'Quatz', 712, 19446, 'noimage.png', 'nibh in hac habitasse platea dictumst aliquam augue quam sollicitudin vitae consectetuer eget rutrum', '구편절판', '2020-09-23 00:00:00', '2021-09-23 00:00:00'),
	(858, '251571703-9', '소설', 'Peacock, indian', 'Pavlov', 'Podcat', 332, 26268, 'noimage.png', 'sapien a libero nam dui proin leo odio porttitor id consequat', '구편절판', '2020-10-25 00:00:00', '2021-09-23 00:00:00'),
	(859, '961770850-7', '여행', 'Red deer', 'Stephenie', 'Ailane', 493, 9746, 'noimage.png', 'eget tincidunt eget tempus vel pede morbi porttitor lorem id ligula suspendisse ornare consequat lectus in', '구편절판', '2020-10-08 00:00:00', '2021-09-23 00:00:00'),
	(860, '173458297-9', '컴퓨터', 'Common melba finch', 'Ema', 'Zoomlounge', 265, 9446, 'noimage.png', 'platea dictumst etiam faucibus cursus urna ut tellus nulla ut erat id mauris vulputate', '구편절판', '2021-01-25 00:00:00', '2021-09-23 00:00:00'),
	(861, '086067778-8', '외국어', 'Savannah deer', 'Christoforo', 'Voonix', 563, 17304, 'noimage.png', 'lorem vitae mattis nibh ligula nec sem duis aliquam convallis nunc', '구편절판', '2021-07-24 00:00:00', '2021-09-23 00:00:00'),
	(862, '213164259-8', '소설', 'Vulture, king', 'Roda', 'Shuffletag', 357, 13080, 'noimage.png', 'quis orci eget orci vehicula condimentum curabitur in libero ut massa volutpat convallis morbi odio odio', '구편절판', '2021-01-02 00:00:00', '2021-09-23 00:00:00'),
	(863, '153051770-2', '경제', 'Arctic fox', 'Kandace', 'Mynte', 644, 16615, 'noimage.png', 'aliquam sit amet diam in magna bibendum imperdiet nullam orci pede venenatis non sodales', '절판', '2020-12-02 00:00:00', '2021-09-23 00:00:00'),
	(864, '886507597-X', '여행', 'Snake-necked turtle', 'Donall', 'Riffwire', 593, 29201, 'noimage.png', 'ipsum aliquam non mauris morbi non lectus aliquam sit amet diam in magna bibendum', '품절', '2021-07-02 00:00:00', '2021-09-23 00:00:00'),
	(865, '597091272-7', '경제', 'Cape white-eye', 'May', 'Dabtype', 732, 12739, 'noimage.png', 'ultrices enim lorem ipsum dolor sit amet consectetuer adipiscing elit proin interdum mauris', '구편절판', '2021-02-02 00:00:00', '2021-09-23 00:00:00'),
	(866, '919249119-7', '여행', 'Western bearded dragon', 'Ashlan', 'Jaxbean', 842, 21999, 'noimage.png', 'sollicitudin mi sit amet lobortis sapien sapien non mi integer ac neque duis bibendum morbi non', '구편절판', '2020-10-22 00:00:00', '2021-09-23 00:00:00'),
	(867, '531509553-3', '컴퓨터', 'Glossy ibis', 'Chariot', 'Vinte', 467, 29560, 'noimage.png', 'donec odio justo sollicitudin ut suscipit a feugiat et eros vestibulum ac est lacinia nisi', '판매중', '2021-06-26 00:00:00', '2021-09-23 00:00:00'),
	(868, '146320849-9', '만화', 'Bohor reedbuck', 'Rockwell', 'Tekfly', 638, 29516, 'noimage.png', 'quam sapien varius ut blandit non interdum in ante vestibulum ante', '절판', '2021-05-24 00:00:00', '2021-09-23 00:00:00'),
	(869, '094793423-5', '외국어', 'Spoonbill, white', 'Steward', 'Thoughtworks', 257, 6777, 'noimage.png', 'suscipit a feugiat et eros vestibulum ac est lacinia nisi venenatis tristique', '판매중', '2021-03-27 00:00:00', '2021-09-23 00:00:00'),
	(870, '983963741-X', '여행', 'Bush dog', 'Manny', 'Kazu', 348, 20908, 'noimage.png', 'curabitur at ipsum ac tellus semper interdum mauris ullamcorper purus sit amet nulla quisque arcu libero rutrum ac lobortis', '판매중', '2021-05-09 00:00:00', '2021-09-23 00:00:00'),
	(871, '526642893-7', '컴퓨터', 'Barbet, black-collared', 'Trudey', 'Photobean', 834, 24792, 'noimage.png', 'varius nulla facilisi cras non velit nec nisi vulputate nonummy maecenas tincidunt lacus at velit vivamus vel nulla', '판매중', '2021-05-18 00:00:00', '2021-09-23 00:00:00'),
	(872, '392823089-1', '외국어', 'Cormorant, large', 'Annelise', 'Jabberbean', 875, 12556, 'noimage.png', 'varius ut blandit non interdum in ante vestibulum ante ipsum primis', '구편절판', '2021-04-10 00:00:00', '2021-09-23 00:00:00'),
	(873, '769298499-9', '소설', 'Fox, blue', 'Bryant', 'Kwimbee', 741, 5676, 'noimage.png', 'ut rhoncus aliquet pulvinar sed nisl nunc rhoncus dui vel sem sed sagittis nam congue', '품절', '2021-04-17 00:00:00', '2021-09-23 00:00:00'),
	(874, '785235749-0', '여행', 'Red-tailed cockatoo', 'Sampson', 'Nlounge', 768, 8112, 'noimage.png', 'dapibus augue vel accumsan tellus nisi eu orci mauris lacinia sapien quis libero', '절판', '2021-08-03 00:00:00', '2021-09-23 00:00:00'),
	(875, '749588794-X', '컴퓨터', 'Asian lion', 'Amaleta', 'Zoovu', 701, 7360, 'noimage.png', 'quam pede lobortis ligula sit amet eleifend pede libero quis', '판매중', '2021-06-04 00:00:00', '2021-09-23 00:00:00'),
	(876, '693175413-0', '경제', 'Squirrel, eastern fox', 'Bettine', 'Meejo', 773, 18084, 'noimage.png', 'neque vestibulum eget vulputate ut ultrices vel augue vestibulum ante ipsum', '판매중', '2021-03-25 00:00:00', '2021-09-23 00:00:00'),
	(877, '198409822-5', '여행', 'Fowl, helmeted guinea', 'Briano', 'Plambee', 474, 8319, 'noimage.png', 'vel accumsan tellus nisi eu orci mauris lacinia sapien quis libero nullam sit amet turpis', '절판', '2021-04-10 00:00:00', '2021-09-23 00:00:00'),
	(878, '643484493-X', '소설', 'Striped hyena', 'Jaimie', 'Wikivu', 990, 18617, 'noimage.png', 'habitasse platea dictumst aliquam augue quam sollicitudin vitae consectetuer eget rutrum at lorem integer tincidunt ante vel ipsum praesent', '판매중', '2021-08-28 00:00:00', '2021-09-23 00:00:00'),
	(879, '427839633-3', '외국어', 'Eleven-banded armadillo (unidentified)', 'Dynah', 'Gabtune', 365, 16572, 'noimage.png', 'risus semper porta volutpat quam pede lobortis ligula sit amet eleifend pede', '품절', '2020-10-31 00:00:00', '2021-09-23 00:00:00'),
	(880, '716103245-8', '컴퓨터', 'Phascogale, brush-tailed', 'Bobbie', 'Avamm', 125, 11387, 'noimage.png', 'nam ultrices libero non mattis pulvinar nulla pede ullamcorper augue a suscipit nulla', '절판', '2021-02-25 00:00:00', '2021-09-23 00:00:00'),
	(881, '243612689-5', '소설', 'Butterfly, tropical buckeye', 'Donavon', 'Livepath', 621, 14205, 'noimage.png', 'id consequat in consequat ut nulla sed accumsan felis ut at dolor quis', '판매중', '2021-02-27 00:00:00', '2021-09-23 00:00:00'),
	(882, '427570225-5', '컴퓨터', 'Insect, stick', 'Jennette', 'Flipbug', 597, 29763, 'noimage.png', 'nibh in quis justo maecenas rhoncus aliquam lacus morbi quis tortor id nulla ultrices aliquet maecenas', '절판', '2020-10-19 00:00:00', '2021-09-23 00:00:00'),
	(883, '110532204-1', '여행', 'Deer, black-tailed', 'Rora', 'Brainbox', 743, 28311, 'noimage.png', 'donec semper sapien a libero nam dui proin leo odio porttitor id consequat in consequat ut nulla', '구편절판', '2021-01-07 00:00:00', '2021-09-23 00:00:00'),
	(884, '790975751-4', '소설', 'Polar bear', 'Bernadina', 'Edgewire', 807, 22924, 'noimage.png', 'augue quam sollicitudin vitae consectetuer eget rutrum at lorem integer tincidunt', '절판', '2021-02-21 00:00:00', '2021-09-23 00:00:00'),
	(885, '483622484-5', '컴퓨터', 'Legaan, Monitor (unidentified)', 'Sula', 'Mynte', 711, 6744, 'noimage.png', 'faucibus accumsan odio curabitur convallis duis consequat dui nec nisi volutpat', '판매중', '2021-09-20 00:00:00', '2021-09-23 00:00:00'),
	(886, '645128862-4', '외국어', 'Dove, mourning collared', 'Lanie', 'Edgeclub', 364, 21464, 'noimage.png', 'nunc nisl duis bibendum felis sed interdum venenatis turpis enim blandit mi in', '품절', '2020-10-09 00:00:00', '2021-09-23 00:00:00'),
	(887, '409486294-3', '경제', 'Superb starling', 'Gill', 'Centimia', 812, 18955, 'noimage.png', 'tortor duis mattis egestas metus aenean fermentum donec ut mauris eget massa', '판매중', '2021-04-18 00:00:00', '2021-09-23 00:00:00'),
	(888, '176911215-4', '외국어', 'Thrasher, curve-billed', 'Bank', 'Zoovu', 705, 19066, 'noimage.png', 'duis bibendum morbi non quam nec dui luctus rutrum nulla tellus in sagittis', '절판', '2021-04-03 00:00:00', '2021-09-23 00:00:00'),
	(889, '591363625-2', '소설', 'Bottle-nose dolphin', 'Lionello', 'Roombo', 697, 15611, 'noimage.png', 'congue vivamus metus arcu adipiscing molestie hendrerit at vulputate vitae nisl aenean lectus pellentesque eget nunc donec', '품절', '2021-09-07 00:00:00', '2021-09-23 00:00:00'),
	(890, '005231001-9', '외국어', 'Stork, marabou', 'Marijo', 'Kwilith', 252, 26141, 'noimage.png', 'consectetuer eget rutrum at lorem integer tincidunt ante vel ipsum praesent blandit lacinia erat vestibulum sed magna at nunc', '판매중', '2021-09-16 00:00:00', '2021-09-23 00:00:00'),
	(891, '111671777-8', '여행', 'Red-winged blackbird', 'Jake', 'Thoughtbeat', 447, 14373, 'noimage.png', 'adipiscing elit proin interdum mauris non ligula pellentesque ultrices phasellus id sapien in sapien iaculis congue', '품절', '2021-03-27 00:00:00', '2021-09-23 00:00:00'),
	(892, '224390694-5', '만화', 'Otter, giant', 'Clayson', 'Wordify', 516, 30000, 'noimage.png', 'risus praesent lectus vestibulum quam sapien varius ut blandit non interdum', '판매중', '2021-07-17 00:00:00', '2021-09-23 00:00:00'),
	(893, '693055892-3', '여행', 'Moose', 'Shandie', 'Voonte', 954, 13535, 'noimage.png', 'ut massa volutpat convallis morbi odio odio elementum eu interdum eu tincidunt in leo maecenas pulvinar lobortis est phasellus', '구편절판', '2020-12-17 00:00:00', '2021-09-23 00:00:00'),
	(894, '954612386-2', '만화', 'Snake, eastern indigo', 'Erin', 'InnoZ', 883, 27457, 'noimage.png', 'congue elementum in hac habitasse platea dictumst morbi vestibulum velit id', '절판', '2021-03-06 00:00:00', '2021-09-23 00:00:00'),
	(895, '991952199-X', '소설', 'Magellanic penguin', 'Adlai', 'Rhybox', 676, 12576, 'noimage.png', 'ac consequat metus sapien ut nunc vestibulum ante ipsum primis', '구편절판', '2021-02-13 00:00:00', '2021-09-23 00:00:00'),
	(896, '495296918-5', '여행', 'Bushbuck', 'Shelley', 'Oyoyo', 439, 17662, 'noimage.png', 'nisl duis ac nibh fusce lacus purus aliquet at feugiat non pretium quis lectus', '판매중', '2020-12-04 00:00:00', '2021-09-23 00:00:00'),
	(897, '446413362-2', '컴퓨터', 'Asiatic wild ass', 'Gordy', 'Mita', 886, 7038, 'noimage.png', 'sollicitudin ut suscipit a feugiat et eros vestibulum ac est lacinia nisi venenatis tristique fusce congue diam id ornare imperdiet', '품절', '2020-09-28 00:00:00', '2021-09-23 00:00:00'),
	(898, '576201328-6', '외국어', 'Tamandua, southern', 'Charmion', 'Zoomlounge', 155, 13651, 'noimage.png', 'ante vivamus tortor duis mattis egestas metus aenean fermentum donec', '절판', '2020-12-08 00:00:00', '2021-09-23 00:00:00'),
	(899, '955021224-6', '외국어', 'Squirrel, malabar', 'Tibold', 'Rhybox', 485, 5116, 'noimage.png', 'ligula nec sem duis aliquam convallis nunc proin at turpis a pede posuere', '절판', '2021-01-22 00:00:00', '2021-09-23 00:00:00'),
	(900, '083494085-X', '경제', 'Lory, rainbow', 'Bjorn', 'Twitterwire', 533, 10764, 'noimage.png', 'faucibus cursus urna ut tellus nulla ut erat id mauris vulputate elementum nullam varius nulla facilisi', '절판', '2020-12-20 00:00:00', '2021-09-23 00:00:00'),
	(901, '567426748-0', '컴퓨터', 'Coke\'s hartebeest', 'Antoni', 'Nlounge', 497, 21386, 'noimage.png', 'ultrices posuere cubilia curae duis faucibus accumsan odio curabitur convallis duis consequat dui nec nisi volutpat', '구편절판', '2020-11-22 00:00:00', '2021-09-23 00:00:00'),
	(902, '787592950-4', '외국어', 'King vulture', 'Woodie', 'Wikizz', 954, 14911, 'noimage.png', 'ut erat id mauris vulputate elementum nullam varius nulla facilisi cras', '절판', '2021-07-01 00:00:00', '2021-09-23 00:00:00'),
	(903, '820245715-7', '만화', 'Common mynah', 'Winne', 'Digitube', 477, 16148, 'noimage.png', 'elit ac nulla sed vel enim sit amet nunc viverra dapibus nulla', '구편절판', '2020-09-26 00:00:00', '2021-09-23 00:00:00'),
	(904, '449098672-6', '컴퓨터', 'Creeper, black-tailed tree', 'Nannette', 'Yakitri', 118, 10274, 'noimage.png', 'volutpat sapien arcu sed augue aliquam erat volutpat in congue etiam justo etiam pretium iaculis', '구편절판', '2020-10-07 00:00:00', '2021-09-23 00:00:00'),
	(905, '906238545-1', '컴퓨터', 'Vulture, black', 'Hannie', 'Yakitri', 241, 25937, 'noimage.png', 'in congue etiam justo etiam pretium iaculis justo in hac habitasse platea dictumst', '품절', '2021-06-16 00:00:00', '2021-09-23 00:00:00'),
	(906, '458310358-1', '경제', 'Black-throated butcher bird', 'Wendell', 'Realfire', 137, 10197, 'noimage.png', 'lectus in quam fringilla rhoncus mauris enim leo rhoncus sed vestibulum sit amet cursus', '품절', '2021-09-06 00:00:00', '2021-09-23 00:00:00'),
	(907, '333912386-1', '여행', 'American badger', 'Coraline', 'Realblab', 541, 11902, 'noimage.png', 'vivamus in felis eu sapien cursus vestibulum proin eu mi nulla ac enim in tempor turpis nec euismod scelerisque quam', '품절', '2021-02-20 00:00:00', '2021-09-23 00:00:00'),
	(908, '978845946-3', '컴퓨터', 'Camel, dromedary', 'Marcia', 'Avavee', 779, 21957, 'noimage.png', 'nisl nunc rhoncus dui vel sem sed sagittis nam congue risus semper porta volutpat quam pede', '구편절판', '2020-11-06 00:00:00', '2021-09-23 00:00:00'),
	(909, '380612819-7', '외국어', 'Heron, black-crowned night', 'Beatriz', 'Riffpedia', 101, 9435, 'noimage.png', 'faucibus orci luctus et ultrices posuere cubilia curae nulla dapibus dolor vel', '절판', '2021-03-28 00:00:00', '2021-09-23 00:00:00'),
	(910, '157496152-7', '경제', 'Sage hen', 'Lyn', 'Avavee', 740, 21358, 'noimage.png', 'vestibulum ante ipsum primis in faucibus orci luctus et ultrices', '절판', '2020-10-11 00:00:00', '2021-09-23 00:00:00'),
	(911, '638245021-9', '외국어', 'Bandicoot, short-nosed', 'Jacqui', 'Thoughtbridge', 788, 24079, 'noimage.png', 'libero convallis eget eleifend luctus ultricies eu nibh quisque id justo sit amet', '품절', '2021-04-11 00:00:00', '2021-09-23 00:00:00'),
	(912, '746489330-1', '경제', 'Eastern dwarf mongoose', 'Perceval', 'Wordify', 672, 27819, 'noimage.png', 'id mauris vulputate elementum nullam varius nulla facilisi cras non velit nec nisi vulputate nonummy maecenas tincidunt', '구편절판', '2021-05-04 00:00:00', '2021-09-23 00:00:00'),
	(913, '098983643-6', '소설', 'Wallaroo, common', 'Selby', 'Geba', 734, 28923, 'noimage.png', 'convallis tortor risus dapibus augue vel accumsan tellus nisi eu orci mauris lacinia sapien quis libero nullam sit amet', '절판', '2021-03-01 00:00:00', '2021-09-23 00:00:00'),
	(914, '445485787-3', '외국어', 'Alligator, american', 'Edwin', 'Ainyx', 749, 29646, 'noimage.png', 'quam sapien varius ut blandit non interdum in ante vestibulum ante ipsum primis in faucibus orci luctus et ultrices posuere', '판매중', '2021-05-03 00:00:00', '2021-09-23 00:00:00'),
	(915, '510041873-7', '경제', 'African bush squirrel', 'Bobbie', 'Zoonoodle', 630, 21880, 'noimage.png', 'lacus at turpis donec posuere metus vitae ipsum aliquam non mauris morbi non lectus aliquam sit amet', '구편절판', '2021-06-13 00:00:00', '2021-09-23 00:00:00'),
	(916, '407719296-X', '소설', 'Tern, white-winged black', 'Waverley', 'Skinte', 573, 13493, 'noimage.png', 'in eleifend quam a odio in hac habitasse platea dictumst maecenas', '구편절판', '2020-10-10 00:00:00', '2021-09-23 00:00:00'),
	(917, '866661705-5', '소설', 'Moccasin, water', 'Maxim', 'Talane', 518, 27950, 'noimage.png', 'in sagittis dui vel nisl duis ac nibh fusce lacus purus', '품절', '2021-04-04 00:00:00', '2021-09-23 00:00:00'),
	(918, '664004423-4', '만화', 'Antelope, four-horned', 'Annis', 'Trunyx', 260, 5083, 'noimage.png', 'ultrices vel augue vestibulum ante ipsum primis in faucibus orci', '품절', '2021-01-12 00:00:00', '2021-09-23 00:00:00'),
	(919, '348334900-6', '외국어', 'Kiskadee, great', 'Maegan', 'Rhyzio', 387, 10289, 'noimage.png', 'velit donec diam neque vestibulum eget vulputate ut ultrices vel augue vestibulum ante ipsum primis in faucibus orci', '품절', '2021-06-21 00:00:00', '2021-09-23 00:00:00'),
	(920, '890872209-2', '외국어', 'Common eland', 'Noella', 'Trilia', 156, 20306, 'noimage.png', 'eget nunc donec quis orci eget orci vehicula condimentum curabitur in libero ut massa volutpat convallis morbi odio odio elementum', '절판', '2021-09-02 00:00:00', '2021-09-23 00:00:00'),
	(921, '352541909-0', '만화', 'Black-capped chickadee', 'Antonina', 'Kaymbo', 475, 8658, 'noimage.png', 'vestibulum vestibulum ante ipsum primis in faucibus orci luctus et', '판매중', '2021-04-30 00:00:00', '2021-09-23 00:00:00'),
	(922, '870478775-7', '소설', 'Turtle (unidentified)', 'Brigitte', 'Zava', 357, 12809, 'noimage.png', 'venenatis turpis enim blandit mi in porttitor pede justo eu', '구편절판', '2021-06-05 00:00:00', '2021-09-23 00:00:00'),
	(923, '049298127-2', '외국어', 'African polecat', 'Elwira', 'Voonder', 512, 22080, 'noimage.png', 'vestibulum sit amet cursus id turpis integer aliquet massa id lobortis convallis tortor risus dapibus', '품절', '2021-06-23 00:00:00', '2021-09-23 00:00:00'),
	(924, '533860028-5', '컴퓨터', 'Squirrel, european red', 'Tersina', 'Browsetype', 157, 12466, 'noimage.png', 'pede morbi porttitor lorem id ligula suspendisse ornare consequat lectus in est risus auctor sed tristique in tempus sit amet', '품절', '2020-11-12 00:00:00', '2021-09-23 00:00:00'),
	(925, '958077861-2', '경제', 'Dog, bush', 'Skippie', 'Divape', 125, 16257, 'noimage.png', 'metus aenean fermentum donec ut mauris eget massa tempor convallis nulla', '구편절판', '2020-11-20 00:00:00', '2021-09-23 00:00:00'),
	(926, '630414390-7', '외국어', 'Owl, burrowing', 'Steffen', 'Thoughtstorm', 848, 24603, 'noimage.png', 'quisque porta volutpat erat quisque erat eros viverra eget congue eget semper rutrum nulla nunc purus phasellus', '구편절판', '2020-12-24 00:00:00', '2021-09-23 00:00:00'),
	(927, '602007613-X', '외국어', 'Hawk-headed parrot', 'Dion', 'Youspan', 356, 21147, 'noimage.png', 'luctus ultricies eu nibh quisque id justo sit amet sapien dignissim vestibulum vestibulum', '구편절판', '2021-01-07 00:00:00', '2021-09-23 00:00:00'),
	(928, '028646388-1', '외국어', 'Gray heron', 'Guss', 'Trupe', 561, 25591, 'noimage.png', 'ligula nec sem duis aliquam convallis nunc proin at turpis a pede posuere nonummy', '구편절판', '2021-07-31 00:00:00', '2021-09-23 00:00:00'),
	(929, '649574112-X', '컴퓨터', 'Tarantula', 'Dyana', 'Shufflester', 559, 22962, 'noimage.png', 'augue quam sollicitudin vitae consectetuer eget rutrum at lorem integer tincidunt ante vel', '구편절판', '2021-06-29 00:00:00', '2021-09-23 00:00:00'),
	(930, '395511887-8', '외국어', 'Common langur', 'Vere', 'Youspan', 367, 7846, 'noimage.png', 'morbi porttitor lorem id ligula suspendisse ornare consequat lectus in est risus auctor sed tristique in tempus sit amet', '품절', '2021-03-02 00:00:00', '2021-09-23 00:00:00'),
	(931, '752189160-0', '외국어', 'Black-tailed prairie dog', 'Jessa', 'Thoughtworks', 361, 12259, 'noimage.png', 'magna bibendum imperdiet nullam orci pede venenatis non sodales sed tincidunt eu felis fusce posuere', '구편절판', '2021-03-21 00:00:00', '2021-09-23 00:00:00'),
	(932, '860773883-6', '외국어', 'Madagascar fruit bat', 'Steve', 'Divape', 917, 15845, 'noimage.png', 'ipsum primis in faucibus orci luctus et ultrices posuere cubilia curae donec pharetra magna vestibulum aliquet ultrices erat', '절판', '2021-07-02 00:00:00', '2021-09-23 00:00:00'),
	(933, '963516447-5', '여행', 'Sugar glider', 'Godfry', 'Twitternation', 335, 16078, 'noimage.png', 'ante vivamus tortor duis mattis egestas metus aenean fermentum donec ut mauris', '판매중', '2021-05-02 00:00:00', '2021-09-23 00:00:00'),
	(934, '614158058-0', '소설', 'Kori bustard', 'Florida', 'Devpulse', 641, 20093, 'noimage.png', 'a nibh in quis justo maecenas rhoncus aliquam lacus morbi quis', '절판', '2020-12-18 00:00:00', '2021-09-23 00:00:00'),
	(935, '385054570-9', '경제', 'Asian lion', 'Ruben', 'Vinte', 424, 12097, 'noimage.png', 'ipsum primis in faucibus orci luctus et ultrices posuere cubilia', '품절', '2021-09-08 00:00:00', '2021-09-23 00:00:00'),
	(936, '066122075-3', '컴퓨터', 'Gaur', 'Courtnay', 'Myworks', 650, 5002, 'noimage.png', 'hac habitasse platea dictumst maecenas ut massa quis augue luctus tincidunt nulla mollis molestie lorem quisque ut erat curabitur', '절판', '2020-10-17 00:00:00', '2021-09-23 00:00:00'),
	(937, '435488484-4', '경제', 'Tortoise, indian star', 'Barnebas', 'Ailane', 842, 9070, 'noimage.png', 'ac leo pellentesque ultrices mattis odio donec vitae nisi nam ultrices libero non mattis pulvinar nulla pede ullamcorper augue', '절판', '2021-04-11 00:00:00', '2021-09-23 00:00:00'),
	(938, '937628596-4', '외국어', 'African elephant', 'Stanley', 'Thoughtsphere', 661, 11545, 'noimage.png', 'morbi vestibulum velit id pretium iaculis diam erat fermentum justo nec', '품절', '2021-01-23 00:00:00', '2021-09-23 00:00:00'),
	(939, '183532301-4', '경제', 'Chuckwalla', 'Maggy', 'Minyx', 861, 21134, 'noimage.png', 'leo maecenas pulvinar lobortis est phasellus sit amet erat nulla tempus vivamus in felis', '구편절판', '2021-03-10 00:00:00', '2021-09-23 00:00:00'),
	(940, '607732980-0', '컴퓨터', 'Jackal, golden', 'Trace', 'Thoughtbridge', 246, 29558, 'noimage.png', 'aenean auctor gravida sem praesent id massa id nisl venenatis lacinia aenean sit amet justo morbi', '판매중', '2021-01-04 00:00:00', '2021-09-23 00:00:00'),
	(941, '488088914-8', '만화', 'Tortoise, asian foreset', 'Sollie', 'Plajo', 547, 7678, 'noimage.png', 'ac leo pellentesque ultrices mattis odio donec vitae nisi nam ultrices libero non mattis', '판매중', '2021-07-23 00:00:00', '2021-09-23 00:00:00'),
	(942, '379768791-5', '경제', 'Sacred ibis', 'Jessica', 'Oyope', 681, 26214, 'noimage.png', 'vestibulum velit id pretium iaculis diam erat fermentum justo nec condimentum neque sapien', '절판', '2021-08-21 00:00:00', '2021-09-23 00:00:00'),
	(943, '926244294-7', '외국어', 'Whale, baleen', 'Westley', 'Feednation', 319, 11145, 'noimage.png', 'nulla ut erat id mauris vulputate elementum nullam varius nulla facilisi cras non', '절판', '2020-10-22 00:00:00', '2021-09-23 00:00:00'),
	(944, '428534078-X', '만화', 'Mongoose, small indian', 'Nahum', 'Eire', 470, 8122, 'noimage.png', 'non sodales sed tincidunt eu felis fusce posuere felis sed lacus morbi', '구편절판', '2021-09-18 00:00:00', '2021-09-23 00:00:00'),
	(945, '095551785-0', '소설', 'Bat-eared fox', 'Huntley', 'Demivee', 632, 16927, 'noimage.png', 'arcu libero rutrum ac lobortis vel dapibus at diam nam tristique tortor eu pede', '절판', '2021-05-28 00:00:00', '2021-09-23 00:00:00'),
	(946, '264599249-8', '만화', 'Greater kudu', 'Jenn', 'Yadel', 878, 25413, 'noimage.png', 'malesuada in imperdiet et commodo vulputate justo in blandit ultrices enim lorem ipsum', '절판', '2021-08-24 00:00:00', '2021-09-23 00:00:00'),
	(947, '659156736-4', '만화', 'Fringe-eared oryx', 'Maynord', 'Fiveclub', 202, 21274, 'noimage.png', 'mauris non ligula pellentesque ultrices phasellus id sapien in sapien iaculis congue', '구편절판', '2020-09-30 00:00:00', '2021-09-23 00:00:00'),
	(948, '269130741-7', '경제', 'Crow, american', 'Reidar', 'Vitz', 645, 19130, 'noimage.png', 'porta volutpat quam pede lobortis ligula sit amet eleifend pede libero quis', '절판', '2020-09-23 00:00:00', '2021-09-23 00:00:00'),
	(949, '003362171-3', '컴퓨터', 'Possum, ring-tailed', 'Moria', 'Flashset', 498, 12816, 'noimage.png', 'at dolor quis odio consequat varius integer ac leo pellentesque ultrices mattis odio donec', '품절', '2020-11-30 00:00:00', '2021-09-23 00:00:00'),
	(950, '086451847-1', '컴퓨터', 'Margay', 'Doll', 'Fanoodle', 944, 13841, 'noimage.png', 'luctus ultricies eu nibh quisque id justo sit amet sapien dignissim vestibulum vestibulum ante ipsum', '구편절판', '2021-07-16 00:00:00', '2021-09-23 00:00:00'),
	(951, '615452546-X', '컴퓨터', 'Vulture, turkey', 'Arlana', 'Eazzy', 166, 10212, 'noimage.png', 'cum sociis natoque penatibus et magnis dis parturient montes nascetur ridiculus mus', '품절', '2021-07-05 00:00:00', '2021-09-23 00:00:00'),
	(952, '264269018-0', '소설', 'Red-breasted cockatoo', 'Beverie', 'Gabspot', 667, 22149, 'noimage.png', 'neque sapien placerat ante nulla justo aliquam quis turpis eget elit sodales scelerisque mauris sit amet eros suspendisse accumsan tortor', '절판', '2021-01-10 00:00:00', '2021-09-23 00:00:00'),
	(953, '724540601-4', '외국어', 'Frilled lizard', 'Ardine', 'Mybuzz', 945, 27620, 'noimage.png', 'nam nulla integer pede justo lacinia eget tincidunt eget tempus vel pede morbi porttitor lorem id ligula suspendisse', '절판', '2021-02-09 00:00:00', '2021-09-23 00:00:00'),
	(954, '598964128-1', '경제', 'Stork, marabou', 'Grata', 'Dabvine', 460, 9945, 'noimage.png', 'dolor sit amet consectetuer adipiscing elit proin risus praesent lectus vestibulum quam sapien varius ut blandit non', '판매중', '2020-10-30 00:00:00', '2021-09-23 00:00:00'),
	(955, '304440682-X', '컴퓨터', 'Cape Barren goose', 'Joscelin', 'Rhycero', 201, 23554, 'noimage.png', 'amet lobortis sapien sapien non mi integer ac neque duis bibendum morbi non quam nec dui luctus rutrum nulla tellus', '절판', '2020-12-08 00:00:00', '2021-09-23 00:00:00'),
	(956, '421991031-X', '경제', 'Siskin, yellow-rumped', 'Sunny', 'Gigabox', 181, 15447, 'noimage.png', 'dignissim vestibulum vestibulum ante ipsum primis in faucibus orci luctus', '품절', '2021-06-08 00:00:00', '2021-09-23 00:00:00'),
	(957, '181146996-5', '경제', 'Red lava crab', 'Son', 'Dabjam', 960, 29136, 'noimage.png', 'suscipit a feugiat et eros vestibulum ac est lacinia nisi venenatis tristique fusce congue diam id ornare', '판매중', '2021-08-21 00:00:00', '2021-09-23 00:00:00'),
	(958, '400990092-X', '만화', 'Bustard, denham\'s', 'Quill', 'Oyoyo', 818, 28435, 'noimage.png', 'urna ut tellus nulla ut erat id mauris vulputate elementum nullam varius nulla facilisi cras', '판매중', '2020-09-27 00:00:00', '2021-09-23 00:00:00'),
	(959, '861571075-9', '만화', 'Nighthawk, common', 'Meggi', 'Centizu', 838, 17742, 'noimage.png', 'metus sapien ut nunc vestibulum ante ipsum primis in faucibus orci luctus et ultrices posuere cubilia curae mauris', '절판', '2020-12-16 00:00:00', '2021-09-23 00:00:00'),
	(960, '615252664-7', '소설', 'Ferruginous hawk', 'Ronnie', 'Abatz', 276, 26751, 'noimage.png', 'id nisl venenatis lacinia aenean sit amet justo morbi ut odio', '품절', '2020-12-11 00:00:00', '2021-09-23 00:00:00'),
	(961, '657065608-2', '경제', 'Squirrel, richardson\'s ground', 'Garnette', 'Eire', 537, 21153, 'noimage.png', 'vitae ipsum aliquam non mauris morbi non lectus aliquam sit amet diam in', '구편절판', '2021-09-19 00:00:00', '2021-09-23 00:00:00'),
	(962, '775803493-4', '경제', 'Grey mouse lemur', 'Gilbertine', 'Zoomzone', 984, 5932, 'noimage.png', 'massa donec dapibus duis at velit eu est congue elementum in hac habitasse platea dictumst morbi vestibulum', '절판', '2021-08-03 00:00:00', '2021-09-23 00:00:00'),
	(963, '464340697-6', '소설', 'African elephant', 'Ainsley', 'Twinte', 981, 8808, 'noimage.png', 'vivamus metus arcu adipiscing molestie hendrerit at vulputate vitae nisl aenean lectus pellentesque eget nunc donec', '품절', '2020-11-14 00:00:00', '2021-09-23 00:00:00'),
	(964, '051617337-5', '경제', 'Spectacled caiman', 'Chance', 'Jabberstorm', 149, 21139, 'noimage.png', 'in faucibus orci luctus et ultrices posuere cubilia curae duis faucibus accumsan odio curabitur convallis duis consequat dui nec', '품절', '2020-11-03 00:00:00', '2021-09-23 00:00:00'),
	(965, '625820984-X', '여행', 'Squirrel, richardson\'s ground', 'Matias', 'Skidoo', 201, 12124, 'noimage.png', 'in lacus curabitur at ipsum ac tellus semper interdum mauris ullamcorper purus sit amet nulla quisque arcu', '판매중', '2021-08-14 00:00:00', '2021-09-23 00:00:00'),
	(966, '280049254-6', '소설', 'Possum, golden brush-tailed', 'Zeb', 'Avaveo', 554, 22213, 'noimage.png', 'est quam pharetra magna ac consequat metus sapien ut nunc vestibulum ante ipsum primis in faucibus orci luctus et ultrices', '품절', '2020-12-01 00:00:00', '2021-09-23 00:00:00'),
	(967, '412733773-7', '소설', 'Red-breasted cockatoo', 'Gerda', 'Dabfeed', 884, 17655, 'noimage.png', 'tellus semper interdum mauris ullamcorper purus sit amet nulla quisque arcu libero', '판매중', '2021-02-25 00:00:00', '2021-09-23 00:00:00'),
	(968, '886696322-4', '여행', 'Dog, raccoon', 'Joelie', 'Realfire', 563, 16537, 'noimage.png', 'nisl ut volutpat sapien arcu sed augue aliquam erat volutpat in', '품절', '2021-02-22 00:00:00', '2021-09-23 00:00:00'),
	(969, '970006950-8', '만화', 'Eastern white pelican', 'Josie', 'Quimba', 698, 23307, 'noimage.png', 'vestibulum ante ipsum primis in faucibus orci luctus et ultrices posuere cubilia curae mauris viverra diam', '구편절판', '2021-03-14 00:00:00', '2021-09-23 00:00:00'),
	(970, '453335770-9', '여행', 'Quail, gambel\'s', 'Brand', 'Vidoo', 307, 9867, 'noimage.png', 'nulla suscipit ligula in lacus curabitur at ipsum ac tellus semper interdum mauris ullamcorper purus sit amet', '구편절판', '2020-11-07 00:00:00', '2021-09-23 00:00:00'),
	(971, '713751650-5', '만화', 'African lynx', 'Zebulon', 'Twitterworks', 856, 10600, 'noimage.png', 'nec molestie sed justo pellentesque viverra pede ac diam cras pellentesque volutpat dui maecenas tristique est et tempus semper', '품절', '2020-11-29 00:00:00', '2021-09-23 00:00:00'),
	(972, '168674591-5', '여행', 'Stork, openbill', 'Harli', 'Zoombeat', 562, 13344, 'noimage.png', 'sapien non mi integer ac neque duis bibendum morbi non quam', '구편절판', '2021-07-17 00:00:00', '2021-09-23 00:00:00'),
	(973, '558857330-7', '여행', 'Insect, stick', 'Candace', 'Voolith', 1000, 8983, 'noimage.png', 'nisl duis bibendum felis sed interdum venenatis turpis enim blandit mi in porttitor pede justo eu massa donec', '판매중', '2020-11-11 00:00:00', '2021-09-23 00:00:00'),
	(974, '265741630-6', '경제', 'Penguin, galapagos', 'Beth', 'Fivebridge', 551, 29864, 'noimage.png', 'commodo vulputate justo in blandit ultrices enim lorem ipsum dolor sit amet consectetuer adipiscing elit proin interdum', '구편절판', '2020-12-06 00:00:00', '2021-09-23 00:00:00'),
	(975, '113852655-X', '경제', 'Goose, cereopsis', 'Harlan', 'Avaveo', 446, 9286, 'noimage.png', 'at feugiat non pretium quis lectus suspendisse potenti in eleifend quam a odio in hac habitasse platea dictumst maecenas', '판매중', '2021-07-31 00:00:00', '2021-09-23 00:00:00'),
	(976, '034772373-X', '만화', 'Ibis, glossy', 'Gearard', 'Minyx', 654, 17511, 'noimage.png', 'consequat dui nec nisi volutpat eleifend donec ut dolor morbi vel lectus', '절판', '2021-08-15 00:00:00', '2021-09-23 00:00:00'),
	(977, '881085435-7', '여행', 'Grenadier, purple', 'Gavrielle', 'Talane', 493, 16562, 'noimage.png', 'consectetuer adipiscing elit proin risus praesent lectus vestibulum quam sapien varius ut blandit', '절판', '2020-11-21 00:00:00', '2021-09-23 00:00:00'),
	(978, '944746612-5', '만화', 'Goose, snow', 'Bernadene', 'Jayo', 885, 13779, 'noimage.png', 'donec posuere metus vitae ipsum aliquam non mauris morbi non lectus aliquam sit amet diam in', '구편절판', '2020-09-24 00:00:00', '2021-09-23 00:00:00'),
	(979, '777294238-9', '소설', 'Egyptian viper', 'Flore', 'Kazio', 578, 19272, 'noimage.png', 'tristique fusce congue diam id ornare imperdiet sapien urna pretium nisl', '절판', '2021-02-12 00:00:00', '2021-09-23 00:00:00'),
	(980, '071342999-2', '컴퓨터', 'Ring dove', 'Blondie', 'Gabcube', 557, 16892, 'noimage.png', 'duis mattis egestas metus aenean fermentum donec ut mauris eget massa tempor convallis', '구편절판', '2021-08-21 00:00:00', '2021-09-23 00:00:00'),
	(981, '102879660-9', '만화', 'Wildebeest, blue', 'Demetra', 'Nlounge', 834, 22403, 'noimage.png', 'mattis nibh ligula nec sem duis aliquam convallis nunc proin at turpis a pede posuere nonummy integer', '판매중', '2021-07-19 00:00:00', '2021-09-23 00:00:00'),
	(982, '202062486-9', '외국어', 'Capuchin, weeper', 'Zed', 'Yodel', 379, 23551, 'noimage.png', 'erat nulla tempus vivamus in felis eu sapien cursus vestibulum proin eu mi nulla ac enim in tempor', '구편절판', '2021-03-18 00:00:00', '2021-09-23 00:00:00'),
	(983, '783962323-9', '여행', 'Tapir, brazilian', 'Lorenza', 'Bubbletube', 504, 12718, 'noimage.png', 'quis orci nullam molestie nibh in lectus pellentesque at nulla suspendisse potenti', '품절', '2020-10-08 00:00:00', '2021-09-23 00:00:00'),
	(984, '604194116-6', '여행', 'Pine siskin', 'Odille', 'Mynte', 264, 13139, 'noimage.png', 'ornare consequat lectus in est risus auctor sed tristique in tempus sit amet sem fusce consequat nulla nisl', '품절', '2021-02-09 00:00:00', '2021-09-23 00:00:00'),
	(985, '278935942-3', '만화', 'Australian magpie', 'Freedman', 'Omba', 903, 15046, 'noimage.png', 'odio cras mi pede malesuada in imperdiet et commodo vulputate justo in blandit ultrices enim lorem', '판매중', '2021-08-03 00:00:00', '2021-09-23 00:00:00'),
	(986, '428039930-1', '경제', 'Dabchick', 'Levy', 'Jabbercube', 265, 14433, 'noimage.png', 'rhoncus dui vel sem sed sagittis nam congue risus semper', '품절', '2021-04-06 00:00:00', '2021-09-23 00:00:00'),
	(987, '866592334-9', '소설', 'Common wallaroo', 'Reeba', 'Skipstorm', 556, 21397, 'noimage.png', 'molestie hendrerit at vulputate vitae nisl aenean lectus pellentesque eget nunc donec quis orci eget orci vehicula condimentum curabitur in', '구편절판', '2021-08-30 00:00:00', '2021-09-23 00:00:00'),
	(988, '642226121-7', '만화', 'Swan, black', 'Irving', 'Topicshots', 669, 11878, 'noimage.png', 'volutpat erat quisque erat eros viverra eget congue eget semper rutrum', '품절', '2020-10-19 00:00:00', '2021-09-23 00:00:00'),
	(989, '897554152-5', '만화', 'Elk, Wapiti', 'Meagan', 'Kwilith', 779, 5726, 'noimage.png', 'vel augue vestibulum rutrum rutrum neque aenean auctor gravida sem praesent id massa id nisl venenatis lacinia aenean sit amet', '판매중', '2021-07-28 00:00:00', '2021-09-23 00:00:00'),
	(990, '125772386-3', '외국어', 'Malagasy ground boa', 'Wayne', 'Eare', 458, 19293, 'noimage.png', 'luctus et ultrices posuere cubilia curae donec pharetra magna vestibulum aliquet ultrices erat tortor sollicitudin mi sit amet lobortis', '품절', '2020-11-08 00:00:00', '2021-09-23 00:00:00'),
	(991, '044991808-4', '여행', 'Tiger cat', 'Billie', 'Yombu', 772, 14149, 'noimage.png', 'bibendum imperdiet nullam orci pede venenatis non sodales sed tincidunt eu felis fusce posuere felis sed lacus morbi sem mauris', '구편절판', '2021-04-03 00:00:00', '2021-09-23 00:00:00'),
	(992, '259663503-8', '외국어', 'Gull, kelp', 'Shelba', 'Katz', 506, 28975, 'noimage.png', 'nec euismod scelerisque quam turpis adipiscing lorem vitae mattis nibh ligula nec sem duis aliquam convallis', '품절', '2021-05-09 00:00:00', '2021-09-23 00:00:00'),
	(993, '910258781-5', '경제', 'Squirrel, indian giant', 'Raynell', 'Feedbug', 998, 19372, 'noimage.png', 'sed sagittis nam congue risus semper porta volutpat quam pede lobortis ligula sit amet eleifend pede libero', '구편절판', '2021-01-15 00:00:00', '2021-09-23 00:00:00'),
	(994, '933202912-1', '경제', 'Kite, black', 'Luise', 'Topiclounge', 875, 25471, 'noimage.png', 'pulvinar sed nisl nunc rhoncus dui vel sem sed sagittis nam congue risus semper porta volutpat quam pede lobortis ligula', '구편절판', '2020-10-06 00:00:00', '2021-09-23 00:00:00'),
	(995, '825842251-0', '여행', 'Gazer, sun', 'Ariel', 'Shufflebeat', 665, 14610, 'noimage.png', 'risus auctor sed tristique in tempus sit amet sem fusce consequat nulla nisl nunc nisl duis bibendum', '품절', '2021-03-01 00:00:00', '2021-09-23 00:00:00'),
	(996, '635330770-5', '외국어', 'Wallaby, river', 'Joanne', 'Voonder', 935, 29851, 'noimage.png', 'luctus nec molestie sed justo pellentesque viverra pede ac diam cras pellentesque volutpat dui maecenas tristique est et tempus', '절판', '2021-09-17 00:00:00', '2021-09-23 00:00:00'),
	(997, '503714367-5', '컴퓨터', 'Goat, mountain', 'Celisse', 'Photofeed', 351, 23896, 'noimage.png', 'mauris morbi non lectus aliquam sit amet diam in magna bibendum imperdiet nullam orci pede venenatis non sodales', '구편절판', '2020-11-15 00:00:00', '2021-09-23 00:00:00'),
	(998, '142409971-4', '소설', 'Galapagos penguin', 'Vilhelmina', 'Quimm', 778, 5870, 'noimage.png', 'lectus aliquam sit amet diam in magna bibendum imperdiet nullam orci pede venenatis non sodales sed tincidunt eu', '판매중', '2020-12-06 00:00:00', '2021-09-23 00:00:00'),
	(999, '638430204-7', '소설', 'Small-toothed palm civet', 'Barnard', 'Realblab', 292, 5230, 'noimage.png', 'pellentesque quisque porta volutpat erat quisque erat eros viverra eget congue eget semper rutrum nulla nunc purus phasellus', '구편절판', '2020-11-11 00:00:00', '2021-09-23 00:00:00'),
	(1000, '289956841-8', '여행', 'Swamp deer', 'Edan', 'Quatz', 517, 5030, 'noimage.png', 'sit amet consectetuer adipiscing elit proin risus praesent lectus vestibulum quam sapien varius ut blandit non', '구편절판', '2021-05-21 00:00:00', '2021-09-23 00:00:00');
/*!40000 ALTER TABLE `ebook` ENABLE KEYS */;

-- 테이블 shop.member 구조 내보내기
DROP TABLE IF EXISTS `member`;
CREATE TABLE IF NOT EXISTS `member` (
  `member_no` int(11) NOT NULL AUTO_INCREMENT,
  `member_id` varchar(50) NOT NULL,
  `member_pw` varchar(200) NOT NULL,
  `member_level` int(11) NOT NULL,
  `member_name` varchar(200) NOT NULL,
  `member_age` int(11) NOT NULL,
  `member_gender` enum('남','여') NOT NULL,
  `update_date` datetime NOT NULL,
  `create_date` datetime NOT NULL,
  PRIMARY KEY (`member_no`),
  UNIQUE KEY `member_id` (`member_id`)
) ENGINE=InnoDB AUTO_INCREMENT=111 DEFAULT CHARSET=utf8mb3;

-- 테이블 데이터 shop.member:~102 rows (대략적) 내보내기
DELETE FROM `member`;
/*!40000 ALTER TABLE `member` DISABLE KEYS */;
INSERT INTO `member` (`member_no`, `member_id`, `member_pw`, `member_level`, `member_name`, `member_age`, `member_gender`, `update_date`, `create_date`) VALUES
	(1, 'admin', '*A4B6157319038724E3560894F7F932C8886EBFCF', 1, '관리자', 21, '남', '2021-09-14 17:40:57', '2021-09-14 17:40:57'),
	(2, 'goodee', '*A4B6157319038724E3560894F7F932C8886EBFCF', 0, '구디', 10, '남', '2021-09-14 18:05:21', '2021-09-14 18:05:21'),
	(4, '852784511-3', '*A4B6157319038724E3560894F7F932C8886EBFCF', 0, 'Denver', 58, '남', '2021-05-30 00:00:00', '2021-09-15 00:00:00'),
	(5, '898556628-8', '*A4B6157319038724E3560894F7F932C8886EBFCF', 0, 'Giselbert', 13, '여', '2021-04-19 00:00:00', '2021-09-15 00:00:00'),
	(6, '155274126-5', '*A4B6157319038724E3560894F7F932C8886EBFCF', 0, 'Neddie', 30, '남', '2021-07-27 00:00:00', '2021-09-15 00:00:00'),
	(7, '583891627-3', '*A4B6157319038724E3560894F7F932C8886EBFCF', 0, 'Rosy', 60, '남', '2021-01-16 00:00:00', '2021-09-15 00:00:00'),
	(8, '656523155-9', '*A4B6157319038724E3560894F7F932C8886EBFCF', 0, 'Roxana', 36, '여', '2021-08-09 00:00:00', '2021-09-15 00:00:00'),
	(9, '187589120-X', '*A4B6157319038724E3560894F7F932C8886EBFCF', 0, 'Thia', 55, '여', '2021-02-27 00:00:00', '2021-09-15 00:00:00'),
	(10, '980656195-3', '*A4B6157319038724E3560894F7F932C8886EBFCF', 0, 'Letizia', 75, '여', '2021-07-07 00:00:00', '2021-09-15 00:00:00'),
	(11, '931269258-5', '*A4B6157319038724E3560894F7F932C8886EBFCF', 0, 'Natal', 18, '남', '2020-09-27 00:00:00', '2021-09-15 00:00:00'),
	(12, '284887209-8', '*A4B6157319038724E3560894F7F932C8886EBFCF', 0, 'Cristiano', 90, '여', '2021-08-19 00:00:00', '2021-09-15 00:00:00'),
	(16, '201721198-2', '*A4B6157319038724E3560894F7F932C8886EBFCF', 0, 'Keith', 44, '남', '2021-03-20 00:00:00', '2021-09-15 00:00:00'),
	(17, '474447092-0', '*A4B6157319038724E3560894F7F932C8886EBFCF', 0, 'Julina', 17, '여', '2020-12-08 00:00:00', '2021-09-15 00:00:00'),
	(18, '802016207-0', '*A4B6157319038724E3560894F7F932C8886EBFCF', 0, 'Ivan', 11, '남', '2021-01-03 00:00:00', '2021-09-15 00:00:00'),
	(19, '615360857-4', '*A4B6157319038724E3560894F7F932C8886EBFCF', 0, 'Dylan', 53, '여', '2021-07-06 00:00:00', '2021-09-15 00:00:00'),
	(20, '190498342-1', '*A4B6157319038724E3560894F7F932C8886EBFCF', 0, 'Lissa', 65, '여', '2021-01-22 00:00:00', '2021-09-15 00:00:00'),
	(21, '640621187-1', '*A4B6157319038724E3560894F7F932C8886EBFCF', 0, 'Humfrid', 75, '남', '2021-03-19 00:00:00', '2021-09-15 00:00:00'),
	(22, '833935160-5', '*A4B6157319038724E3560894F7F932C8886EBFCF', 0, 'Mindy', 12, '여', '2021-04-14 00:00:00', '2021-09-15 00:00:00'),
	(23, '058728167-7', '*A4B6157319038724E3560894F7F932C8886EBFCF', 0, 'Geri', 86, '여', '2021-03-20 00:00:00', '2021-09-15 00:00:00'),
	(24, '430767149-X', '*A4B6157319038724E3560894F7F932C8886EBFCF', 0, 'Elvera', 59, '여', '2020-11-18 00:00:00', '2021-09-15 00:00:00'),
	(25, '985205310-8', '*A4B6157319038724E3560894F7F932C8886EBFCF', 0, 'Brander', 81, '여', '2021-09-05 00:00:00', '2021-09-15 00:00:00'),
	(26, '029098167-0', '*A4B6157319038724E3560894F7F932C8886EBFCF', 0, 'Rem', 99, '여', '2021-01-24 00:00:00', '2021-09-15 00:00:00'),
	(27, '995533438-X', '*A4B6157319038724E3560894F7F932C8886EBFCF', 0, 'Alida', 46, '여', '2021-04-09 00:00:00', '2021-09-15 00:00:00'),
	(28, '933071399-8', '*A4B6157319038724E3560894F7F932C8886EBFCF', 0, 'Noe', 18, '여', '2021-03-12 00:00:00', '2021-09-15 00:00:00'),
	(29, '927674751-6', '*A4B6157319038724E3560894F7F932C8886EBFCF', 0, 'Lazar', 12, '여', '2021-09-06 00:00:00', '2021-09-15 00:00:00'),
	(30, '950869575-7', '*A4B6157319038724E3560894F7F932C8886EBFCF', 0, 'Joela', 23, '남', '2021-04-29 00:00:00', '2021-09-15 00:00:00'),
	(31, '655730464-X', '*A4B6157319038724E3560894F7F932C8886EBFCF', 0, 'Kristo', 50, '남', '2021-09-03 00:00:00', '2021-09-15 00:00:00'),
	(32, '211494195-7', '*A4B6157319038724E3560894F7F932C8886EBFCF', 0, 'Krisha', 62, '여', '2020-12-16 00:00:00', '2021-09-15 00:00:00'),
	(33, '143311833-5', '*A4B6157319038724E3560894F7F932C8886EBFCF', 0, 'Mannie', 72, '남', '2020-10-05 00:00:00', '2021-09-15 00:00:00'),
	(34, '248246788-8', '*A4B6157319038724E3560894F7F932C8886EBFCF', 0, 'Karie', 78, '남', '2021-08-09 00:00:00', '2021-09-15 00:00:00'),
	(35, '318441938-X', '*A4B6157319038724E3560894F7F932C8886EBFCF', 0, 'North', 11, '남', '2021-08-26 00:00:00', '2021-09-15 00:00:00'),
	(36, '798419048-8', '*A4B6157319038724E3560894F7F932C8886EBFCF', 0, 'Harrison', 53, '여', '2021-02-25 00:00:00', '2021-09-15 00:00:00'),
	(37, '165539376-6', '*A4B6157319038724E3560894F7F932C8886EBFCF', 0, 'Holly', 14, '남', '2020-10-06 00:00:00', '2021-09-15 00:00:00'),
	(38, '759758619-1', '*A4B6157319038724E3560894F7F932C8886EBFCF', 0, 'Felice', 62, '여', '2020-10-08 00:00:00', '2021-09-15 00:00:00'),
	(39, '742459944-5', '*A4B6157319038724E3560894F7F932C8886EBFCF', 0, 'Welsh', 62, '남', '2020-11-11 00:00:00', '2021-09-15 00:00:00'),
	(40, '198264309-9', '*A4B6157319038724E3560894F7F932C8886EBFCF', 0, 'Cleveland', 45, '남', '2020-11-26 00:00:00', '2021-09-15 00:00:00'),
	(41, '495550174-5', '*A4B6157319038724E3560894F7F932C8886EBFCF', 0, 'Pauli', 61, '남', '2021-01-26 00:00:00', '2021-09-15 00:00:00'),
	(42, '162800319-7', '*A4B6157319038724E3560894F7F932C8886EBFCF', 0, 'Kyle', 84, '여', '2020-10-24 00:00:00', '2021-09-15 00:00:00'),
	(43, '580190717-3', '*A4B6157319038724E3560894F7F932C8886EBFCF', 0, 'Joela', 78, '남', '2021-03-03 00:00:00', '2021-09-15 00:00:00'),
	(44, '035280563-3', '*A4B6157319038724E3560894F7F932C8886EBFCF', 0, 'Matty', 44, '여', '2021-05-02 00:00:00', '2021-09-15 00:00:00'),
	(45, '498336330-0', '*A4B6157319038724E3560894F7F932C8886EBFCF', 0, 'Ryun', 75, '여', '2021-02-15 00:00:00', '2021-09-15 00:00:00'),
	(46, '790280486-X', '*A4B6157319038724E3560894F7F932C8886EBFCF', 0, 'Murray', 53, '남', '2021-06-30 00:00:00', '2021-09-15 00:00:00'),
	(47, '545239621-7', '*A4B6157319038724E3560894F7F932C8886EBFCF', 0, 'Kelwin', 62, '여', '2021-02-08 00:00:00', '2021-09-15 00:00:00'),
	(48, '072263286-X', '*A4B6157319038724E3560894F7F932C8886EBFCF', 0, 'Jehanna', 47, '여', '2020-12-03 00:00:00', '2021-09-15 00:00:00'),
	(49, '470209767-9', '*A4B6157319038724E3560894F7F932C8886EBFCF', 0, 'Mort', 15, '여', '2021-04-20 00:00:00', '2021-09-15 00:00:00'),
	(50, '868197808-X', '*A4B6157319038724E3560894F7F932C8886EBFCF', 0, 'Billy', 61, '여', '2021-02-22 00:00:00', '2021-09-15 00:00:00'),
	(51, '736531088-X', '*A4B6157319038724E3560894F7F932C8886EBFCF', 0, 'Bartlett', 61, '여', '2021-03-18 00:00:00', '2021-09-15 00:00:00'),
	(52, '183351206-5', '*A4B6157319038724E3560894F7F932C8886EBFCF', 0, 'Elora', 76, '남', '2020-11-20 00:00:00', '2021-09-15 00:00:00'),
	(53, '679275857-4', '*A4B6157319038724E3560894F7F932C8886EBFCF', 0, 'Samuel', 66, '여', '2021-02-03 00:00:00', '2021-09-15 00:00:00'),
	(54, '139026966-3', '*A4B6157319038724E3560894F7F932C8886EBFCF', 0, 'Dickie', 86, '여', '2021-02-17 00:00:00', '2021-09-15 00:00:00'),
	(55, '429384456-2', '*A4B6157319038724E3560894F7F932C8886EBFCF', 0, 'Jeremy', 26, '남', '2021-02-03 00:00:00', '2021-09-15 00:00:00'),
	(56, '241253962-6', '*A4B6157319038724E3560894F7F932C8886EBFCF', 0, 'Eirena', 29, '여', '2021-07-14 00:00:00', '2021-09-15 00:00:00'),
	(57, '269024928-6', '*A4B6157319038724E3560894F7F932C8886EBFCF', 0, 'Lanny', 16, '여', '2020-12-23 00:00:00', '2021-09-15 00:00:00'),
	(58, '200843119-3', '*A4B6157319038724E3560894F7F932C8886EBFCF', 0, 'Rhodia', 29, '남', '2020-12-18 00:00:00', '2021-09-15 00:00:00'),
	(59, '196440894-6', '*A4B6157319038724E3560894F7F932C8886EBFCF', 0, 'Olivette', 10, '여', '2021-07-22 00:00:00', '2021-09-15 00:00:00'),
	(60, '956403325-X', '*A4B6157319038724E3560894F7F932C8886EBFCF', 0, 'Toni', 52, '남', '2020-12-24 00:00:00', '2021-09-15 00:00:00'),
	(61, '020709024-6', '*A4B6157319038724E3560894F7F932C8886EBFCF', 0, 'Flossie', 97, '남', '2020-12-30 00:00:00', '2021-09-15 00:00:00'),
	(62, '312222917-X', '*A4B6157319038724E3560894F7F932C8886EBFCF', 0, 'Reeta', 45, '남', '2020-12-14 00:00:00', '2021-09-15 00:00:00'),
	(63, '121401125-X', '*A4B6157319038724E3560894F7F932C8886EBFCF', 0, 'Fae', 16, '남', '2021-08-23 00:00:00', '2021-09-15 00:00:00'),
	(64, '606855224-1', '*A4B6157319038724E3560894F7F932C8886EBFCF', 0, 'Fianna', 73, '남', '2020-12-08 00:00:00', '2021-09-15 00:00:00'),
	(65, '521749066-7', '*A4B6157319038724E3560894F7F932C8886EBFCF', 0, 'Grayce', 46, '여', '2020-12-20 00:00:00', '2021-09-15 00:00:00'),
	(66, '672483925-4', '*A4B6157319038724E3560894F7F932C8886EBFCF', 0, 'Horton', 92, '남', '2020-12-11 00:00:00', '2021-09-15 00:00:00'),
	(67, '036127953-1', '*A4B6157319038724E3560894F7F932C8886EBFCF', 0, 'Ivie', 49, '여', '2021-05-11 00:00:00', '2021-09-15 00:00:00'),
	(68, '531557233-1', '*A4B6157319038724E3560894F7F932C8886EBFCF', 0, 'Clem', 14, '여', '2021-05-12 00:00:00', '2021-09-15 00:00:00'),
	(69, '494005517-5', '*A4B6157319038724E3560894F7F932C8886EBFCF', 0, 'Gerianne', 41, '남', '2020-11-09 00:00:00', '2021-09-15 00:00:00'),
	(70, '254584989-8', '*A4B6157319038724E3560894F7F932C8886EBFCF', 0, 'Jewell', 16, '남', '2021-08-15 00:00:00', '2021-09-15 00:00:00'),
	(71, '566493257-0', '*A4B6157319038724E3560894F7F932C8886EBFCF', 0, 'Carol', 36, '여', '2021-05-08 00:00:00', '2021-09-15 00:00:00'),
	(72, '933514719-2', '*A4B6157319038724E3560894F7F932C8886EBFCF', 0, 'Marillin', 66, '여', '2021-08-02 00:00:00', '2021-09-15 00:00:00'),
	(73, '789467112-6', '*A4B6157319038724E3560894F7F932C8886EBFCF', 0, 'Melloney', 20, '여', '2021-04-01 00:00:00', '2021-09-15 00:00:00'),
	(74, '321477082-9', '*A4B6157319038724E3560894F7F932C8886EBFCF', 0, 'Kelli', 79, '여', '2021-08-13 00:00:00', '2021-09-15 00:00:00'),
	(75, '079899638-2', '*A4B6157319038724E3560894F7F932C8886EBFCF', 0, 'Vilma', 78, '여', '2021-01-12 00:00:00', '2021-09-15 00:00:00'),
	(76, '760727512-6', '*A4B6157319038724E3560894F7F932C8886EBFCF', 0, 'Codee', 87, '여', '2020-11-11 00:00:00', '2021-09-15 00:00:00'),
	(77, '438011312-4', '*A4B6157319038724E3560894F7F932C8886EBFCF', 0, 'Dori', 67, '남', '2021-05-12 00:00:00', '2021-09-15 00:00:00'),
	(78, '854990888-6', '*A4B6157319038724E3560894F7F932C8886EBFCF', 0, 'Zorah', 80, '여', '2021-08-29 00:00:00', '2021-09-15 00:00:00'),
	(79, '760737595-3', '*A4B6157319038724E3560894F7F932C8886EBFCF', 0, 'Kass', 11, '여', '2021-05-14 00:00:00', '2021-09-15 00:00:00'),
	(80, '843890286-3', '*A4B6157319038724E3560894F7F932C8886EBFCF', 0, 'Annamarie', 34, '남', '2020-11-03 00:00:00', '2021-09-15 00:00:00'),
	(81, '100428015-7', '*A4B6157319038724E3560894F7F932C8886EBFCF', 0, 'Jammie', 44, '남', '2021-05-26 00:00:00', '2021-09-15 00:00:00'),
	(82, '703340890-0', '*A4B6157319038724E3560894F7F932C8886EBFCF', 0, 'Vittoria', 94, '남', '2021-02-17 00:00:00', '2021-09-15 00:00:00'),
	(83, '412331164-4', '*A4B6157319038724E3560894F7F932C8886EBFCF', 0, 'Lauretta', 13, '남', '2021-09-05 00:00:00', '2021-09-15 00:00:00'),
	(84, '117021420-7', '*A4B6157319038724E3560894F7F932C8886EBFCF', 0, 'Martelle', 12, '여', '2021-08-23 00:00:00', '2021-09-15 00:00:00'),
	(85, '920790205-2', '*A4B6157319038724E3560894F7F932C8886EBFCF', 0, 'Jackqueline', 100, '여', '2021-02-10 00:00:00', '2021-09-15 00:00:00'),
	(86, '656723194-7', '*A4B6157319038724E3560894F7F932C8886EBFCF', 0, 'Jase', 64, '여', '2021-06-12 00:00:00', '2021-09-15 00:00:00'),
	(87, '514783807-4', '*A4B6157319038724E3560894F7F932C8886EBFCF', 0, 'Dana', 89, '남', '2021-08-23 00:00:00', '2021-09-15 00:00:00'),
	(88, '806865557-3', '*A4B6157319038724E3560894F7F932C8886EBFCF', 0, 'Mufinella', 45, '남', '2021-01-28 00:00:00', '2021-09-15 00:00:00'),
	(89, '220146745-5', '*A4B6157319038724E3560894F7F932C8886EBFCF', 0, 'Lon', 29, '여', '2020-11-04 00:00:00', '2021-09-15 00:00:00'),
	(90, '420911909-1', '*A4B6157319038724E3560894F7F932C8886EBFCF', 0, 'Salim', 97, '여', '2020-10-01 00:00:00', '2021-09-15 00:00:00'),
	(91, '646785026-2', '*A4B6157319038724E3560894F7F932C8886EBFCF', 0, 'Raye', 29, '여', '2020-12-03 00:00:00', '2021-09-15 00:00:00'),
	(92, '046155025-3', '*A4B6157319038724E3560894F7F932C8886EBFCF', 0, 'Cary', 31, '여', '2021-03-02 00:00:00', '2021-09-15 00:00:00'),
	(93, '511835878-7', '*A4B6157319038724E3560894F7F932C8886EBFCF', 0, 'Stefan', 19, '남', '2020-10-09 00:00:00', '2021-09-15 00:00:00'),
	(94, '738057344-6', '*A4B6157319038724E3560894F7F932C8886EBFCF', 0, 'Delmar', 71, '남', '2021-03-10 00:00:00', '2021-09-15 00:00:00'),
	(95, '789211271-5', '*A4B6157319038724E3560894F7F932C8886EBFCF', 0, 'Adan', 30, '여', '2021-06-18 00:00:00', '2021-09-15 00:00:00'),
	(96, '579566922-9', '*A4B6157319038724E3560894F7F932C8886EBFCF', 0, 'Gillan', 49, '남', '2021-09-07 00:00:00', '2021-09-15 00:00:00'),
	(97, '757367834-7', '*A4B6157319038724E3560894F7F932C8886EBFCF', 0, 'Mack', 81, '남', '2021-07-19 00:00:00', '2021-09-15 00:00:00'),
	(98, '884255567-3', '*A4B6157319038724E3560894F7F932C8886EBFCF', 0, 'Leodora', 55, '남', '2020-10-01 00:00:00', '2021-09-15 00:00:00'),
	(99, '897469159-0', '*A4B6157319038724E3560894F7F932C8886EBFCF', 0, 'Cilka', 39, '여', '2021-01-20 00:00:00', '2021-09-15 00:00:00'),
	(100, '706702982-1', '*A4B6157319038724E3560894F7F932C8886EBFCF', 0, 'Cordey', 47, '여', '2020-11-26 00:00:00', '2021-09-15 00:00:00'),
	(101, '515246180-3', '*A4B6157319038724E3560894F7F932C8886EBFCF', 0, 'Marris', 40, '남', '2020-10-18 00:00:00', '2021-09-15 00:00:00'),
	(102, '569500380-6', '*A4B6157319038724E3560894F7F932C8886EBFCF', 0, 'Clemmy', 29, '여', '2021-03-13 00:00:00', '2021-09-15 00:00:00'),
	(103, '766460634-9', '*A4B6157319038724E3560894F7F932C8886EBFCF', 0, 'Cindy', 44, '남', '2021-07-15 00:00:00', '2021-09-15 00:00:00'),
	(105, 'test1', '*F13ACB16013CCF84877CED35B9DB9105C0C98A43', 1, 'test1', 2, '남', '2021-09-16 14:48:47', '2021-09-16 14:48:47'),
	(106, 'test2', '*A4B6157319038724E3560894F7F932C8886EBFCF', 0, '오현수', 2, '남', '2021-09-16 23:49:02', '2021-09-16 23:49:02'),
	(107, 'test3', '*A4B6157319038724E3560894F7F932C8886EBFCF', 0, '오현수', 22, '남', '2021-09-16 23:49:49', '2021-09-16 23:49:49');
/*!40000 ALTER TABLE `member` ENABLE KEYS */;

-- 테이블 shop.orders 구조 내보내기
DROP TABLE IF EXISTS `orders`;
CREATE TABLE IF NOT EXISTS `orders` (
  `order_no` int(11) NOT NULL AUTO_INCREMENT,
  `ebook_no` int(11) NOT NULL,
  `member_no` int(11) NOT NULL,
  `order_price` int(11) NOT NULL,
  `create_date` datetime NOT NULL,
  `update_date` datetime NOT NULL,
  PRIMARY KEY (`order_no`),
  KEY `FK_orders_ebook` (`ebook_no`),
  KEY `FK_orders_member` (`member_no`)
) ENGINE=InnoDB AUTO_INCREMENT=101 DEFAULT CHARSET=utf8mb3;

-- 테이블 데이터 shop.orders:~100 rows (대략적) 내보내기
DELETE FROM `orders`;
/*!40000 ALTER TABLE `orders` DISABLE KEYS */;
INSERT INTO `orders` (`order_no`, `ebook_no`, `member_no`, `order_price`, `create_date`, `update_date`) VALUES
	(1, 10, 8, 1000, '2021-09-24 00:00:00', '2021-09-24 00:00:00'),
	(2, 3, 8, 1000, '2021-09-24 00:00:00', '2021-09-24 00:00:00'),
	(3, 8, 8, 1000, '2021-09-24 00:00:00', '2021-09-24 00:00:00'),
	(4, 2, 5, 1000, '2021-09-24 00:00:00', '2021-09-24 00:00:00'),
	(5, 8, 6, 1000, '2021-09-24 00:00:00', '2021-09-24 00:00:00'),
	(6, 3, 7, 1000, '2021-09-24 00:00:00', '2021-09-24 00:00:00'),
	(7, 5, 5, 1000, '2021-09-24 00:00:00', '2021-09-24 00:00:00'),
	(8, 4, 7, 1000, '2021-09-24 00:00:00', '2021-09-24 00:00:00'),
	(9, 10, 7, 1000, '2021-09-24 00:00:00', '2021-09-24 00:00:00'),
	(10, 5, 5, 1000, '2021-09-24 00:00:00', '2021-09-24 00:00:00'),
	(11, 1, 5, 1000, '2021-09-24 00:00:00', '2021-09-24 00:00:00'),
	(12, 6, 7, 1000, '2021-09-24 00:00:00', '2021-09-24 00:00:00'),
	(13, 6, 8, 1000, '2021-09-24 00:00:00', '2021-09-24 00:00:00'),
	(14, 8, 6, 1000, '2021-09-24 00:00:00', '2021-09-24 00:00:00'),
	(15, 5, 9, 1000, '2021-09-24 00:00:00', '2021-09-24 00:00:00'),
	(16, 10, 6, 1000, '2021-09-24 00:00:00', '2021-09-24 00:00:00'),
	(17, 4, 7, 1000, '2021-09-24 00:00:00', '2021-09-24 00:00:00'),
	(18, 3, 9, 1000, '2021-09-24 00:00:00', '2021-09-24 00:00:00'),
	(19, 6, 7, 1000, '2021-09-24 00:00:00', '2021-09-24 00:00:00'),
	(20, 6, 5, 1000, '2021-09-24 00:00:00', '2021-09-24 00:00:00'),
	(21, 6, 8, 1000, '2021-09-24 00:00:00', '2021-09-24 00:00:00'),
	(22, 4, 5, 1000, '2021-09-24 00:00:00', '2021-09-24 00:00:00'),
	(23, 2, 7, 1000, '2021-09-24 00:00:00', '2021-09-24 00:00:00'),
	(24, 3, 8, 1000, '2021-09-24 00:00:00', '2021-09-24 00:00:00'),
	(25, 10, 7, 1000, '2021-09-24 00:00:00', '2021-09-24 00:00:00'),
	(26, 9, 5, 1000, '2021-09-24 00:00:00', '2021-09-24 00:00:00'),
	(27, 10, 8, 1000, '2021-09-24 00:00:00', '2021-09-24 00:00:00'),
	(28, 7, 5, 1000, '2021-09-24 00:00:00', '2021-09-24 00:00:00'),
	(29, 5, 6, 1000, '2021-09-24 00:00:00', '2021-09-24 00:00:00'),
	(30, 7, 8, 1000, '2021-09-24 00:00:00', '2021-09-24 00:00:00'),
	(31, 10, 9, 1000, '2021-09-24 00:00:00', '2021-09-24 00:00:00'),
	(32, 2, 7, 1000, '2021-09-24 00:00:00', '2021-09-24 00:00:00'),
	(33, 3, 6, 1000, '2021-09-24 00:00:00', '2021-09-24 00:00:00'),
	(34, 3, 8, 1000, '2021-09-24 00:00:00', '2021-09-24 00:00:00'),
	(35, 10, 9, 1000, '2021-09-24 00:00:00', '2021-09-24 00:00:00'),
	(36, 7, 7, 1000, '2021-09-24 00:00:00', '2021-09-24 00:00:00'),
	(37, 9, 8, 1000, '2021-09-24 00:00:00', '2021-09-24 00:00:00'),
	(38, 5, 6, 1000, '2021-09-24 00:00:00', '2021-09-24 00:00:00'),
	(39, 3, 7, 1000, '2021-09-24 00:00:00', '2021-09-24 00:00:00'),
	(40, 8, 6, 1000, '2021-09-24 00:00:00', '2021-09-24 00:00:00'),
	(41, 1, 8, 1000, '2021-09-24 00:00:00', '2021-09-24 00:00:00'),
	(42, 7, 5, 1000, '2021-09-24 00:00:00', '2021-09-24 00:00:00'),
	(43, 2, 5, 1000, '2021-09-24 00:00:00', '2021-09-24 00:00:00'),
	(44, 3, 5, 1000, '2021-09-24 00:00:00', '2021-09-24 00:00:00'),
	(45, 7, 7, 1000, '2021-09-24 00:00:00', '2021-09-24 00:00:00'),
	(46, 7, 6, 1000, '2021-09-24 00:00:00', '2021-09-24 00:00:00'),
	(47, 7, 6, 1000, '2021-09-24 00:00:00', '2021-09-24 00:00:00'),
	(48, 6, 6, 1000, '2021-09-24 00:00:00', '2021-09-24 00:00:00'),
	(49, 10, 6, 1000, '2021-09-24 00:00:00', '2021-09-24 00:00:00'),
	(50, 5, 9, 1000, '2021-09-24 00:00:00', '2021-09-24 00:00:00'),
	(51, 3, 6, 1000, '2021-09-24 00:00:00', '2021-09-24 00:00:00'),
	(52, 3, 7, 1000, '2021-09-24 00:00:00', '2021-09-24 00:00:00'),
	(53, 6, 5, 1000, '2021-09-24 00:00:00', '2021-09-24 00:00:00'),
	(54, 8, 5, 1000, '2021-09-24 00:00:00', '2021-09-24 00:00:00'),
	(55, 5, 9, 1000, '2021-09-24 00:00:00', '2021-09-24 00:00:00'),
	(56, 1, 7, 1000, '2021-09-24 00:00:00', '2021-09-24 00:00:00'),
	(57, 3, 5, 1000, '2021-09-24 00:00:00', '2021-09-24 00:00:00'),
	(58, 10, 7, 1000, '2021-09-24 00:00:00', '2021-09-24 00:00:00'),
	(59, 6, 6, 1000, '2021-09-24 00:00:00', '2021-09-24 00:00:00'),
	(60, 2, 9, 1000, '2021-09-24 00:00:00', '2021-09-24 00:00:00'),
	(61, 7, 9, 1000, '2021-09-24 00:00:00', '2021-09-24 00:00:00'),
	(62, 3, 9, 1000, '2021-09-24 00:00:00', '2021-09-24 00:00:00'),
	(63, 7, 9, 1000, '2021-09-24 00:00:00', '2021-09-24 00:00:00'),
	(64, 1, 5, 1000, '2021-09-24 00:00:00', '2021-09-24 00:00:00'),
	(65, 9, 5, 1000, '2021-09-24 00:00:00', '2021-09-24 00:00:00'),
	(66, 2, 5, 1000, '2021-09-24 00:00:00', '2021-09-24 00:00:00'),
	(67, 7, 9, 1000, '2021-09-24 00:00:00', '2021-09-24 00:00:00'),
	(68, 5, 6, 1000, '2021-09-24 00:00:00', '2021-09-24 00:00:00'),
	(69, 3, 7, 1000, '2021-09-24 00:00:00', '2021-09-24 00:00:00'),
	(70, 8, 9, 1000, '2021-09-24 00:00:00', '2021-09-24 00:00:00'),
	(71, 2, 5, 1000, '2021-09-24 00:00:00', '2021-09-24 00:00:00'),
	(72, 9, 6, 1000, '2021-09-24 00:00:00', '2021-09-24 00:00:00'),
	(73, 5, 9, 1000, '2021-09-24 00:00:00', '2021-09-24 00:00:00'),
	(74, 1, 9, 1000, '2021-09-24 00:00:00', '2021-09-24 00:00:00'),
	(75, 10, 8, 1000, '2021-09-24 00:00:00', '2021-09-24 00:00:00'),
	(76, 2, 5, 1000, '2021-09-24 00:00:00', '2021-09-24 00:00:00'),
	(77, 7, 6, 1000, '2021-09-24 00:00:00', '2021-09-24 00:00:00'),
	(78, 7, 7, 1000, '2021-09-24 00:00:00', '2021-09-24 00:00:00'),
	(79, 3, 5, 1000, '2021-09-24 00:00:00', '2021-09-24 00:00:00'),
	(80, 6, 6, 1000, '2021-09-24 00:00:00', '2021-09-24 00:00:00'),
	(81, 3, 7, 1000, '2021-09-24 00:00:00', '2021-09-24 00:00:00'),
	(82, 4, 5, 1000, '2021-09-24 00:00:00', '2021-09-24 00:00:00'),
	(83, 2, 5, 1000, '2021-09-24 00:00:00', '2021-09-24 00:00:00'),
	(84, 4, 8, 1000, '2021-09-24 00:00:00', '2021-09-24 00:00:00'),
	(85, 4, 7, 1000, '2021-09-24 00:00:00', '2021-09-24 00:00:00'),
	(86, 4, 8, 1000, '2021-09-24 00:00:00', '2021-09-24 00:00:00'),
	(87, 9, 6, 1000, '2021-09-24 00:00:00', '2021-09-24 00:00:00'),
	(88, 9, 8, 1000, '2021-09-24 00:00:00', '2021-09-24 00:00:00'),
	(89, 4, 5, 1000, '2021-09-24 00:00:00', '2021-09-24 00:00:00'),
	(90, 6, 6, 1000, '2021-09-24 00:00:00', '2021-09-24 00:00:00'),
	(91, 3, 9, 1000, '2021-09-24 00:00:00', '2021-09-24 00:00:00'),
	(92, 9, 6, 1000, '2021-09-24 00:00:00', '2021-09-24 00:00:00'),
	(93, 1, 7, 1000, '2021-09-24 00:00:00', '2021-09-24 00:00:00'),
	(94, 6, 7, 1000, '2021-09-24 00:00:00', '2021-09-24 00:00:00'),
	(95, 6, 8, 1000, '2021-09-24 00:00:00', '2021-09-24 00:00:00'),
	(96, 8, 9, 1000, '2021-09-24 00:00:00', '2021-09-24 00:00:00'),
	(97, 8, 5, 1000, '2021-09-24 00:00:00', '2021-09-24 00:00:00'),
	(98, 1, 6, 1000, '2021-09-24 00:00:00', '2021-09-24 00:00:00'),
	(99, 6, 8, 1000, '2021-09-24 00:00:00', '2021-09-24 00:00:00'),
	(100, 1, 5, 1000, '2021-09-24 00:00:00', '2021-09-24 00:00:00');
/*!40000 ALTER TABLE `orders` ENABLE KEYS */;

/*!40101 SET SQL_MODE=IFNULL(@OLD_SQL_MODE, '') */;
/*!40014 SET FOREIGN_KEY_CHECKS=IFNULL(@OLD_FOREIGN_KEY_CHECKS, 1) */;
/*!40101 SET CHARACTER_SET_CLIENT=@OLD_CHARACTER_SET_CLIENT */;
/*!40111 SET SQL_NOTES=IFNULL(@OLD_SQL_NOTES, 1) */;
